Label,Label2,SrcIP,SrcPort,DstIP,DstPort,Protocol,FlowDuration,TotalFwdPacket,TotalBwdpackets,TotalLengthofFwdPacket,TotalLengthofBwdPacket,FwdPacketLengthMax,FwdPacketLengthMin,BwdPacketLengthMax,BwdPacketLengthMin,FlowBytess,FlowPacketss,FlowIATMax,FlowIATMin,FwdIATTotal,FwdIATMax,FwdIATMin,BwdIATTotal,BwdIATMax,BwdIATMin,FwdPSHFlags,FwdHeaderLength,BwdHeaderLength,FwdPacketss,BwdPacketss,PacketLengthMin,PacketLengthMax,FINFlagCount,SYNFlagCount,RSTFlagCount,PSHFlagCount,ACKFlagCount,AveragePacketSize,FwdSegmentSizeAvg,BwdSegmentSizeAvg,BwdPacketBulkAvg,BwdBulkRateAvg,FWDInitWinBytes,BwdInitWinBytes,FwdActDataPkts,FwdSegSizeMin
Non-Tor,AUDIO-STREAMING,10.152.152.11,34697,173.194.65.127,19305,6,10778451,591,400,64530,6659,131,0,498,0,660475239,9194271051,78158,13,10778451,81171,126,10747836,78158,307,1,11820,8000,5483162655,3711108396,0,498,1,0,0,659,991,7194853683,1091878173,166475,659,6605,1382,2320,581,20
Non-Tor,AUDIO-STREAMING,10.152.152.11,54570,173.194.65.127,443,6,421362,5,3,72,79,72,0,79,0,3583616937,1898605,416869,13,421362,417054,190,417945,416869,1076,0,112,72,1186628125,711976875,0,79,1,2,0,2,7,18875,144,2633333333,0,0,14600,913,1,20
Non-Tor,AUDIO-STREAMING,173.194.33.97,443,10.152.152.11,56254,6,119682119,488,487,89259,314105,1460,0,1460,0,3370294605,8146580359,13485507,2,119642787,13485507,5,119028043,13522678,18,0,9760,9740,4077467913,4069112446,0,1460,0,0,0,403,975,4137066667,1829077869,6449794661,44,9225,12108,9520,209,20
Non-Tor,AUDIO-STREAMING,10.152.152.11,57361,216.58.216.142,443,6,116996934,369,378,208796,34340,1460,0,1460,0,2078139928,6384782699,7800200,5,116996398,7800456,31,116996466,7800557,7,0,7380,7560,3153928803,3230853896,0,1460,0,0,0,307,747,327437751,5658428184,9084656085,25,4949,21142,8323,268,20
Non-Tor,AUDIO-STREAMING,74.125.28.189,443,10.152.152.11,44097,6,100279453,61,60,14526,17870,996,0,1460,0,3230572069,1206628042,29069708,7,100279453,29069708,12,100240150,29109291,30,1,1220,1200,608300087,598327955,0,1460,0,0,0,54,121,2717438017,2381311475,2978333333,11,4300,2640,3346,31,20
Non-Tor,AUDIO-STREAMING,10.152.152.11,34702,173.194.65.127,19305,6,119962833,3638,3157,254101,488658,190,0,1460,0,6191576019,5664254361,151388,9,119962833,151768,87,119940995,161775,61,0,72772,63152,3032605941,2631648421,0,1460,0,2,0,4425,6794,1093096394,6984634415,1547855559,4427,6193,14600,5292,2775,20
Non-Tor,AUDIO-STREAMING,10.152.152.11,49132,74.125.136.120,443,6,90513641,32,41,3369,21725,261,0,1460,0,2772399798,80650827,45055648,5,90513169,45056049,276,90513350,45056120,5,1,640,820,353537872,452970398,0,1460,0,0,0,34,73,3473287671,10528125,5298780488,45,56568,2640,1918,20,20
Non-Tor,AUDIO-STREAMING,10.152.152.11,34481,173.194.33.105,443,6,106135081,30,30,22289,680,1460,0,186,0,2164128937,565317324,45039110,13,106134649,45039483,49,106134727,45039328,13,0,600,600,282658662,282658662,0,1460,0,0,0,20,60,40715,7429666667,2266666667,14,11207,2640,2970,20,20
Non-Tor,AUDIO-STREAMING,10.152.152.11,50953,74.125.136.188,5228,6,90112487,3,3,0,0,0,0,0,0,0,66583447,45055666,392,90112018,45056058,45055960,90112045,45056135,45055910,0,60,60,33291724,33291724,0,0,0,0,0,0,6,0,0,0,0,0,2373,1315,0,20
Non-Tor,AUDIO-STREAMING,10.152.152.11,41313,173.194.33.118,443,6,86022308,9,9,2879,1060,1460,0,498,0,4579044775,209248048,45055326,16,86021950,45055941,45,86021693,45055851,16,0,180,180,104624024,104624024,0,1460,0,0,0,6,18,2188333333,3198888889,1177777778,7,3848,14626,5386,4,20
Non-Tor,AUDIO-STREAMING,10.152.152.11,41995,74.125.136.132,443,6,101242010,18,18,1490,3970,485,0,1213,0,5393018175,355583616,45120787,17,101241749,45121069,638,101241815,45121048,598,1,360,360,177791808,177791808,0,1213,0,0,0,16,36,1540277778,8277777778,2205555556,5,3867,1892,1248,9,20
Non-Tor,AUDIO-STREAMING,10.152.152.11,57157,216.58.220.99,443,6,104050917,27,32,5119,1751,693,0,207,0,6602536718,567030082,45045224,14,104050582,45045533,320,104050660,45045559,217,1,540,640,259488343,307541739,0,693,0,0,0,31,59,1281864407,1895925926,5471875,7,1306,2640,2598,18,20
Non-Tor,AUDIO-STREAMING,10.152.152.11,45258,173.194.65.149,443,6,90586766,6,7,383,324,245,0,255,0,7804672042,143508821,45055570,165,90586197,45056003,726,90586276,45057901,401,1,120,140,66234841,77273981,0,255,0,0,0,5,13,7323076923,6383333333,4628571429,5,1495,2257,1204,2,20
Non-Tor,AUDIO-STREAMING,10.152.152.11,49880,74.125.22.189,443,17,4000091,6,0,6793,0,1350,43,0,0,1698211366,1499965876,1746134,150971,4000091,1746134,150971,0,0,0,0,48,0,1499965876,0,43,1350,0,0,0,0,0,1357166667,1132166667,0,4,5127,0,0,5,8
Non-Tor,AUDIO-STREAMING,74.125.228.199,443,10.152.152.11,60669,6,16,1,1,0,0,0,0,0,0,0,125000,16,16,0,0,0,0,0,0,0,20,20,62500,62500,0,0,1,0,0,0,2,0,0,0,0,0,1329,2640,0,20
Non-Tor,AUDIO-STREAMING,10.152.152.11,30221,10.152.152.10,53,17,303888,1,1,33,49,33,33,49,49,2698362555,6581372085,303888,303888,0,0,0,0,0,0,0,8,8,3290686042,3290686042,33,49,0,0,0,0,0,575,33,49,0,0,0,0,0,8
Non-Tor,AUDIO-STREAMING,173.194.65.100,443,10.152.152.11,36564,6,32,1,1,0,0,0,0,0,0,0,62500,32,32,0,0,0,0,0,0,0,20,20,31250,31250,0,0,1,0,0,0,2,0,0,0,0,0,1594,1181,0,20
Non-Tor,AUDIO-STREAMING,10.152.152.11,49583,10.152.152.10,53,17,283243,1,1,37,53,37,37,53,53,3177483645,7061074766,283243,283243,0,0,0,0,0,0,0,8,8,3530537383,3530537383,37,53,0,0,0,0,0,635,37,53,0,0,0,0,0,8
Non-Tor,AUDIO-STREAMING,10.152.152.10,9052,10.152.152.11,57177,6,14,1,1,0,0,0,0,0,0,0,1428571429,14,14,0,0,0,0,0,0,0,20,20,7142857143,7142857143,0,0,1,0,0,0,2,0,0,0,0,0,913,913,0,20
Non-Tor,AUDIO-STREAMING,10.152.152.11,54705,10.152.152.10,53,17,10709705,2,2,66,98,33,33,49,49,1531321358,373493014,5422774,282003,5004928,5004928,5004928,5422774,5422774,5422774,0,16,16,186746507,186746507,33,49,0,0,0,0,0,4925,33,49,0,0,0,0,1,8
Non-Tor,AUDIO-STREAMING,10.152.152.11,43259,74.125.22.93,443,17,4000117,6,0,6793,0,1350,43,0,0,1698200328,1499956126,1746882,150640,4000117,1746882,150640,0,0,0,0,48,0,1499956126,0,43,1350,0,0,0,0,0,1357166667,1132166667,0,4,5133,0,0,5,8
Non-Tor,AUDIO-STREAMING,10.152.152.11,33172,10.152.152.10,53,17,331910,1,1,33,49,33,33,49,49,2470549245,6025729867,331910,331910,0,0,0,0,0,0,0,8,8,3012864933,3012864933,33,49,0,0,0,0,0,575,33,49,0,0,0,0,0,8
Non-Tor,AUDIO-STREAMING,173.194.33.97,443,10.152.152.11,56254,6,28,1,1,0,0,0,0,0,0,0,7142857143,28,28,0,0,0,0,0,0,0,20,20,3571428571,3571428571,0,0,1,0,0,0,2,0,0,0,0,0,21627,9520,0,20
Non-Tor,AUDIO-STREAMING,10.152.152.11,5582,10.152.152.10,53,17,467040,1,1,37,53,37,37,53,53,1927029805,4282288455,467040,467040,0,0,0,0,0,0,0,8,8,2141144228,2141144228,37,53,0,0,0,0,0,635,37,53,0,0,0,0,0,8
Non-Tor,AUDIO-STREAMING,10.152.152.11,16364,10.152.152.10,53,17,262161,1,1,37,53,37,37,53,53,3433004909,7628899798,262161,262161,0,0,0,0,0,0,0,8,8,3814449899,3814449899,37,53,0,0,0,0,0,635,37,53,0,0,0,0,0,8
Non-Tor,AUDIO-STREAMING,10.152.152.11,34136,10.152.152.10,53,17,338305,1,1,33,49,33,33,49,49,2423848303,5911825128,338305,338305,0,0,0,0,0,0,0,8,8,2955912564,2955912564,33,49,0,0,0,0,0,575,33,49,0,0,0,0,0,8
Non-Tor,AUDIO-STREAMING,10.152.152.11,36059,10.152.152.10,53,17,332462,1,1,37,53,37,37,53,53,2707076297,6015725105,332462,332462,0,0,0,0,0,0,0,8,8,3007862553,3007862553,37,53,0,0,0,0,0,635,37,53,0,0,0,0,0,8
Non-Tor,AUDIO-STREAMING,10.152.152.11,45235,173.194.112.169,443,6,255,1,1,0,0,0,0,0,0,0,7843137255,255,255,0,0,0,0,0,0,0,20,20,3921568627,3921568627,0,0,1,0,0,0,2,0,0,0,0,0,2373,1398,0,20
Non-Tor,AUDIO-STREAMING,216.58.217.142,443,10.152.152.11,50012,6,26,1,1,0,0,0,0,0,0,0,7692307692,26,26,0,0,0,0,0,0,0,20,20,3846153846,3846153846,0,0,1,0,0,0,2,0,0,0,0,0,2140,2640,0,20
Non-Tor,AUDIO-STREAMING,74.125.228.213,443,10.152.152.11,59151,6,34,1,1,0,0,0,0,0,0,0,5882352941,34,34,0,0,0,0,0,0,0,20,20,2941176471,2941176471,0,0,1,0,0,0,2,0,0,0,0,0,2142,2640,0,20
Non-Tor,AUDIO-STREAMING,10.152.152.11,52684,10.152.152.10,53,17,389055,1,1,37,53,37,37,53,53,2313297606,5140661346,389055,389055,0,0,0,0,0,0,0,8,8,2570330673,2570330673,37,53,0,0,0,0,0,635,37,53,0,0,0,0,0,8
Non-Tor,AUDIO-STREAMING,216.58.216.142,443,10.152.152.11,57361,6,47,1,1,0,0,0,0,0,0,0,4255319149,47,47,0,0,0,0,0,0,0,20,20,2127659574,2127659574,0,0,1,0,0,0,2,0,0,0,0,0,8323,21142,0,20
Non-Tor,AUDIO-STREAMING,10.152.152.11,3516,10.152.152.10,53,17,280864,1,1,33,49,33,33,49,49,2919562493,7120884129,280864,280864,0,0,0,0,0,0,0,8,8,3560442065,3560442065,33,49,0,0,0,0,0,575,33,49,0,0,0,0,0,8
Non-Tor,Browsing,10.152.152.11,63842,10.152.152.10,53,17,1047687,1,1,38,54,38,38,54,54,8781248598,1908967087,1047687,1047687,0,0,0,0,0,0,0,8,8,954483543,954483543,38,54,0,0,0,0,0,65,38,54,0,0,0,0,0,8
Non-Tor,Browsing,10.152.152.11,39256,54.225.255.135,80,6,269,1,1,0,0,0,0,0,0,0,7434944238,269,269,0,0,0,0,0,0,0,20,20,3717472119,3717472119,0,0,1,0,0,0,2,0,0,0,0,0,980,984,0,20
Non-Tor,Browsing,10.152.152.11,52248,52.0.121.249,80,6,228,1,1,0,0,0,0,0,0,0,8771929825,228,228,0,0,0,0,0,0,0,20,20,4385964912,4385964912,0,0,1,0,0,0,2,0,0,0,0,0,980,1095,0,20
Non-Tor,Browsing,10.152.152.11,32682,10.152.152.10,53,17,505155,1,1,41,57,41,41,57,57,1939998614,3959180846,505155,505155,0,0,0,0,0,0,0,8,8,1979590423,1979590423,41,57,0,0,0,0,0,695,41,57,0,0,0,0,0,8
Non-Tor,Browsing,54.246.180.54,80,10.152.152.11,51196,6,31,1,1,0,0,0,0,0,0,0,6451612903,31,31,0,0,0,0,0,0,0,20,20,3225806452,3225806452,0,0,1,0,0,0,2,0,0,0,0,0,913,913,0,20
Non-Tor,Browsing,10.152.152.11,46128,54.165.68.223,80,6,438,1,1,0,0,0,0,0,0,0,4566210046,438,438,0,0,0,0,0,0,0,20,20,2283105023,2283105023,0,0,1,0,0,0,2,0,0,0,0,0,980,1238,0,20
Non-Tor,Browsing,216.58.210.46,443,10.152.152.11,41579,6,36,1,1,0,0,0,0,0,0,0,5555555556,36,36,0,0,0,0,0,0,0,20,20,2777777778,2777777778,0,0,1,0,0,0,2,0,0,0,0,0,1126,2373,0,20
Non-Tor,Browsing,10.152.152.11,60421,173.252.120.2,443,6,461,1,1,0,0,0,0,0,0,0,4338394794,461,461,0,0,0,0,0,0,0,20,20,2169197397,2169197397,0,0,1,0,0,0,2,0,0,0,0,0,2008,2142,0,20
Non-Tor,Browsing,10.152.152.11,32961,10.152.152.10,53,17,828365,1,1,33,49,33,33,49,49,9899017945,2414394621,828365,828365,0,0,0,0,0,0,0,8,8,120719731,120719731,33,49,0,0,0,0,0,575,33,49,0,0,0,0,0,8
Non-Tor,Browsing,10.152.152.11,43634,80.239.137.25,80,6,45056335,2,2,0,0,0,0,0,0,0,88777749,45055790,227,45056017,45056017,45056017,45056108,45056108,45056108,0,40,40,44388875,44388875,0,0,0,0,0,0,4,0,0,0,0,0,16378,2640,0,20
Non-Tor,Browsing,216.58.210.229,443,10.152.152.11,58474,6,60,1,1,0,0,0,0,0,0,0,3333333333,60,60,0,0,0,0,0,0,0,20,20,1666666667,1666666667,0,0,1,0,0,0,2,0,0,0,0,0,1047,1825,0,20
Non-Tor,File-Transfer,10.152.152.11,44110,75.101.155.12,1650,6,2882827,5,5,0,3160,0,0,1460,0,1096146248,3468817241,2819445,13,2820069,2819535,33,2882455,2819526,36,0,112,112,173440862,173440862,0,1460,1,2,0,1,9,316,0,632,0,0,14600,913,0,20
Non-Tor,File-Transfer,10.152.152.11,34561,75.101.155.12,21,6,117541586,265,312,1604,9020,48,0,54,0,903850319,4908900923,3281130,12,117541586,3281148,535,117500801,3318517,822,1,5300,6240,2254521221,2654379702,0,54,0,0,0,313,577,1849566724,6052830189,2891025641,10,175,913,913,125,20
Non-Tor,File-Transfer,10.152.152.11,36682,75.101.155.12,1653,6,1567300,5,5,0,3160,0,0,1460,0,2016206215,6380399413,1514805,14,1515623,1514903,45,1566789,1514888,50,0,112,112,3190199707,3190199707,0,1460,1,2,0,1,9,316,0,632,0,0,14600,913,0,20
Non-Tor,File-Transfer,10.152.152.11,35798,75.101.155.12,1428,6,1429942,5,5,0,3160,0,0,1460,0,2209879841,6993290637,1369305,16,1369983,1369405,49,1429633,1369387,132,0,112,112,3496645319,3496645319,0,1460,1,2,0,1,9,316,0,632,0,0,14600,913,0,20
Non-Tor,File-Transfer,10.152.152.11,47398,75.101.155.12,1733,6,1935590,5,5,0,3160,0,0,1460,0,1632577147,5166383377,1892663,14,1893262,1892761,38,1935271,1892756,41,0,112,112,2583191688,2583191688,0,1460,1,2,0,1,9,316,0,632,0,0,14600,913,0,20
Non-Tor,File-Transfer,10.152.152.11,39154,75.101.155.12,1987,6,2292377,5,5,0,3160,0,0,1460,0,1378481812,4362284214,2158318,17,2292347,2158414,111,2291932,2158396,47,0,112,112,2181142107,2181142107,0,1460,1,2,0,2,9,316,0,632,0,0,14600,913,0,20
Non-Tor,File-Transfer,10.152.152.11,43920,75.101.155.12,1549,6,3340575,5,5,0,3160,0,0,1460,0,9459449346,2993496629,3276494,14,3277096,3276584,42,3340235,3276574,43,0,112,112,1496748314,1496748314,0,1460,1,2,0,1,9,316,0,632,0,0,14600,913,0,20
Non-Tor,File-Transfer,10.152.152.11,35907,75.101.155.12,1509,6,3124830,5,5,0,3160,0,0,1460,0,1011255012,320017409,3084162,16,3084668,3084263,44,3124549,3084192,39,0,112,112,1600087045,1600087045,0,1460,1,2,0,1,9,316,0,632,0,0,14600,913,0,20
Non-Tor,File-Transfer,10.152.152.11,60384,75.101.155.12,1869,6,1883509,5,5,0,3160,0,0,1460,0,1677719618,5309239298,1820971,16,1821882,1821010,70,1883137,1821050,92,0,112,112,2654619649,2654619649,0,1460,1,2,0,1,9,316,0,632,0,0,14600,913,0,20
Non-Tor,File-Transfer,10.152.152.11,40155,75.101.155.12,1646,6,1883725,5,5,0,3160,0,0,1460,0,167752724,5308630506,1819232,16,1820035,1819347,43,1883253,1819355,44,0,112,112,2654315253,2654315253,0,1460,1,2,0,1,9,316,0,632,0,0,14600,913,0,20
Non-Tor,File-Transfer,10.152.152.11,40057,75.101.155.12,1989,6,2930434,5,5,0,3160,0,0,1460,0,1078338567,3412463819,2798188,13,2799052,2798280,34,2930063,2798509,36,0,112,112,170623191,170623191,0,1460,1,2,0,1,9,316,0,632,0,0,14600,913,0,20
Non-Tor,P2P,10.152.152.11,47449,179.210.183.101,47188,6,273222,2,0,0,0,0,0,0,0,0,7320054754,273222,273222,273222,273222,273222,0,0,0,0,40,0,7320054754,0,0,0,1,0,0,0,2,0,0,0,0,0,1047,0,0,20
Non-Tor,P2P,10.152.152.11,39631,46.99.178.130,60574,6,3311019,21,21,2519,644,1410,0,395,0,9552950315,1268491664,1155478,5,3189017,1155657,21,3310706,1155478,5,0,432,432,6342458319,6342458319,0,1410,1,2,0,19,41,7530952381,119952381,3066666667,9,3443,14600,1162,14,20
Non-Tor,P2P,151.56.104.131,50486,10.152.152.11,52013,6,51,1,1,0,0,0,0,0,0,0,3921568627,51,51,0,0,0,0,0,0,0,20,20,1960784314,1960784314,0,0,1,0,0,0,2,0,0,0,0,0,913,913,0,20
Non-Tor,P2P,10.152.152.11,9100,77.31.231.143,1024,17,9670856,3,0,60,0,20,20,0,0,6204207776,310210389,6371164,3299692,9670856,6371164,3299692,0,0,0,0,24,0,310210389,0,20,20,0,0,0,0,0,2666666667,20,0,0,0,0,0,2,8
Non-Tor,P2P,10.152.152.11,9100,181.26.135.196,56576,17,9872437,3,0,60,0,20,20,0,0,6077526755,303876338,6380058,3492379,9872437,6380058,3492379,0,0,0,0,24,0,303876338,0,20,20,0,0,0,0,0,2666666667,20,0,0,0,0,0,2,8
Non-Tor,P2P,10.152.152.11,9100,24.20.109.201,6881,17,9647764,3,0,60,0,20,20,0,0,6219057597,31095288,6261811,3385953,9647764,6261811,3385953,0,0,0,0,24,0,31095288,0,20,20,0,0,0,0,0,2666666667,20,0,0,0,0,0,2,8
Non-Tor,P2P,10.152.152.11,9100,185.21.216.191,52429,17,9763105,3,0,60,0,20,20,0,0,6145585856,307279293,6276495,3486610,9763105,6276495,3486610,0,0,0,0,24,0,307279293,0,20,20,0,0,0,0,0,2666666667,20,0,0,0,0,0,2,8
Non-Tor,P2P,10.152.152.11,9100,94.19.244.178,30000,17,9513576,3,0,60,0,20,20,0,0,6306776758,315338838,6298027,3215549,9513576,6298027,3215549,0,0,0,0,24,0,315338838,0,20,20,0,0,0,0,0,2666666667,20,0,0,0,0,0,2,8
Non-Tor,P2P,10.152.152.11,9100,197.231.221.211,9100,17,69464413,6,0,120,0,20,20,0,0,1727503261,86375163,50740551,3124497,69464413,50740551,3124497,0,0,0,0,48,0,86375163,0,20,20,0,0,0,0,0,2333333333,20,0,0,0,0,0,5,8
Non-Tor,P2P,10.152.152.11,9100,41.130.5.10,24287,17,9815154,3,0,60,0,20,20,0,0,6112996291,305649815,6290439,3524715,9815154,6290439,3524715,0,0,0,0,24,0,305649815,0,20,20,0,0,0,0,0,2666666667,20,0,0,0,0,0,2,8
Non-Tor,P2P,10.152.152.11,9100,179.177.49.138,64115,17,9503546,3,0,60,0,20,20,0,0,6313432902,315671645,6407118,3096428,9503546,6407118,3096428,0,0,0,0,24,0,315671645,0,20,20,0,0,0,0,0,2666666667,20,0,0,0,0,0,2,8
Non-Tor,P2P,10.152.152.11,9100,185.31.158.191,62154,17,9578788,3,0,60,0,20,20,0,0,6263840478,313192024,6368938,3209850,9578788,6368938,3209850,0,0,0,0,24,0,313192024,0,20,20,0,0,0,0,0,2666666667,20,0,0,0,0,0,2,8
Non-Tor,P2P,10.152.152.11,38128,173.33.38.203,24007,6,595,1,1,0,0,0,0,0,0,0,3361344538,595,595,0,0,0,0,0,0,0,20,20,1680672269,1680672269,0,0,1,0,0,0,2,0,0,0,0,0,1032,1514,0,20
Non-Tor,P2P,10.152.152.11,9100,200.29.183.130,43955,17,9457355,3,0,60,0,20,20,0,0,6344268561,317213428,6244310,3213045,9457355,6244310,3213045,0,0,0,0,24,0,317213428,0,20,20,0,0,0,0,0,2666666667,20,0,0,0,0,0,2,8
Non-Tor,P2P,74.101.162.162,51413,10.152.152.11,43010,6,31,1,1,0,0,0,0,0,0,0,6451612903,31,31,0,0,0,0,0,0,0,20,20,3225806452,3225806452,0,0,1,0,0,0,2,0,0,0,0,0,980,913,0,20
Non-Tor,Video-Streaming,10.152.152.11,39629,74.125.136.188,5228,6,82679315,4,3,53,53,53,0,53,0,1282061904,84664465,45076623,68,82679315,45076623,304166,45381121,45077964,303157,1,80,60,48379695,36284771,0,53,1,0,0,2,7,2271428571,1325,1766666667,0,0,2075,1248,0,20
Non-Tor,Video-Streaming,10.152.152.11,8367,10.152.152.10,53,17,274300,1,1,44,60,44,44,60,60,3791469194,7291286912,274300,274300,0,0,0,0,0,0,0,8,8,3645643456,3645643456,44,60,0,0,0,0,0,74,44,60,0,0,0,0,0,8
Non-Tor,Video-Streaming,10.152.152.11,45040,173.194.67.156,443,6,24978076,2,1,0,0,0,0,0,0,0,120105328,24978076,0,24978076,24978076,24978076,0,0,0,0,40,20,80070218,40035109,0,0,1,0,0,0,3,0,0,0,0,0,2640,2640,0,20
Non-Tor,Video-Streaming,10.152.152.11,50152,10.152.152.10,53,17,357023,1,1,29,45,29,29,45,45,2072695597,5601879991,357023,357023,0,0,0,0,0,0,0,8,8,2800939996,2800939996,29,45,0,0,0,0,0,515,29,45,0,0,0,0,0,8
Non-Tor,Video-Streaming,10.152.152.11,37997,10.152.152.10,53,17,225496,1,1,32,48,32,32,48,48,3547734771,8869336928,225496,225496,0,0,0,0,0,0,0,8,8,4434668464,4434668464,32,48,0,0,0,0,0,56,32,48,0,0,0,0,0,8
Non-Tor,Video-Streaming,10.152.152.11,40778,216.58.208.238,443,6,9842202,18,18,6120,5186,1460,0,1460,0,1148726677,3657718059,8653810,4,9842202,8654684,19,1188333,548669,4,1,360,360,182885903,182885903,0,1460,1,0,0,14,36,3226388889,340,2881111111,18,9520,2640,2640,9,20
Non-Tor,AUDIO-STREAMING,10.152.152.11,34854,74.125.142.127,19305,6,119971368,4339,3521,508293,575052,184,0,1460,0,9030029565,6551563203,101474,0,119971368,120826,8,119939091,127856,0,1,86780,70420,3616696277,2934866926,0,1460,0,0,0,5702,7860,1378479644,1171451947,1633206475,5705,9030,2640,3695,4062,20
Non-Tor,AUDIO-STREAMING,10.152.152.11,52122,173.194.112.72,443,6,95384814,15,16,1647,5437,1029,0,1460,0,7426758729,324999323,45070675,2,95383926,45071121,9,95384564,45071563,11,0,312,332,157257737,167741586,0,1460,0,2,0,11,30,228516129,1098,3398125,5,54533,14600,1176,7,20
Non-Tor,AUDIO-STREAMING,10.152.152.11,41507,173.194.112.36,443,6,111069223,264,288,139492,14244,1460,0,485,0,1384145813,4969873608,11962814,0,111067791,11962816,1,111069213,11964263,0,0,5280,5760,2376896073,2592977534,0,1460,0,0,0,245,552,2811521739,5283787879,4945833333,20,3691,12502,8686,174,20
Non-Tor,AUDIO-STREAMING,10.152.152.11,42631,216.58.210.14,443,6,90112222,3,3,0,0,0,0,0,0,0,66583643,45055744,197,90112025,45056013,45056012,90111953,45056075,45055878,0,60,60,33291821,33291821,0,0,0,0,0,0,6,0,0,0,0,0,2373,1370,0,20
Non-Tor,AUDIO-STREAMING,10.152.152.11,42631,216.58.210.14,443,6,14501121,1,3,0,154,0,0,154,0,1061986863,275840744,14500872,8,0,0,0,14500880,14500872,8,0,20,60,68960186,206880558,0,154,1,0,0,1,4,385,0,5133333333,0,0,2373,1370,0,20
NonVPN,Chat,131.202.240.242,57521,224.0.0.252,5355,17,420797,2,0,44,0,22,22,0,0,1045634831,4752885596,420797,420797,420797,420797,420797,0,0,0,0,16,0,4752885596,0,22,22,0,0,0,0,0,33,22,0,0,0,0,0,1,8
NonVPN,Chat,131.202.240.242,65514,224.0.0.252,5355,17,420708,2,0,44,0,22,22,0,0,1045856033,475389106,420708,420708,420708,420708,420708,0,0,0,0,16,0,475389106,0,22,22,0,0,0,0,0,33,22,0,0,0,0,0,1,8
NonVPN,Chat,131.202.240.242,56025,224.0.0.252,5355,17,420605,2,0,44,0,22,22,0,0,1046112148,4755055218,420605,420605,420605,420605,420605,0,0,0,0,16,0,4755055218,0,22,22,0,0,0,0,0,33,22,0,0,0,0,0,1,8
NonVPN,Chat,131.202.240.242,62462,224.0.0.252,5355,17,409508,2,0,44,0,22,22,0,0,1074460084,4883909472,409508,409508,409508,409508,409508,0,0,0,0,16,0,4883909472,0,22,22,0,0,0,0,0,33,22,0,0,0,0,0,1,8
NonVPN,Chat,131.202.240.242,55817,224.0.0.252,5355,17,420631,2,0,44,0,22,22,0,0,1046047486,4754761299,420631,420631,420631,420631,420631,0,0,0,0,16,0,4754761299,0,22,22,0,0,0,0,0,33,22,0,0,0,0,0,1,8
NonVPN,Chat,131.202.240.242,49356,224.0.0.252,5355,17,421971,2,0,44,0,22,22,0,0,1042725685,4739662204,421971,421971,421971,421971,421971,0,0,0,0,16,0,4739662204,0,22,22,0,0,0,0,0,33,22,0,0,0,0,0,1,8
NonVPN,Chat,131.202.240.242,60228,224.0.0.252,5355,17,421613,2,0,44,0,22,22,0,0,1043611084,4743686746,421613,421613,421613,421613,421613,0,0,0,0,16,0,4743686746,0,22,22,0,0,0,0,0,33,22,0,0,0,0,0,1,8
NonVPN,Chat,131.202.240.242,63109,224.0.0.252,5355,17,423454,2,0,44,0,22,22,0,0,1039073902,472306319,423454,423454,423454,423454,423454,0,0,0,0,16,0,472306319,0,22,22,0,0,0,0,0,33,22,0,0,0,0,0,1,8
NonVPN,Chat,131.202.240.242,53138,224.0.0.252,5355,17,420351,2,0,44,0,22,22,0,0,1046744268,4757928493,420351,420351,420351,420351,420351,0,0,0,0,16,0,4757928493,0,22,22,0,0,0,0,0,33,22,0,0,0,0,0,1,8
NonVPN,Audio-Streaming,131.202.240.150,40594,194.68.29.19,4070,6,106285154,19,15,2218,32609,1064,0,10704,0,3276751144,319894159,59906794,5,106285154,60051576,10,61831971,60010843,41,1,608,480,178764383,141129776,0,10704,0,0,0,15,34,1024647059,1167368421,2173933333,17,19153,1452,1452,8,32
NonVPN,Audio-Streaming,131.202.240.150,43124,93.184.215.151,80,6,90152395,3,3,0,0,0,0,0,0,0,66553972,45015665,40377,90111995,45056042,45055953,90111953,45056065,45055888,0,60,60,33276986,33276986,0,0,0,0,0,0,6,0,0,0,0,0,1452,18944,0,20
NonVPN,Audio-Streaming,131.202.240.150,43123,93.184.215.151,80,6,90152544,3,3,0,0,0,0,0,0,0,66553862,45015676,40360,90112006,45056036,45055970,90112113,45056214,45055899,0,60,60,33276931,33276931,0,0,0,0,0,0,6,0,0,0,0,0,1185,16896,0,20
NonVPN,Audio-Streaming,131.202.240.150,43123,93.184.215.151,80,6,40505,1,1,0,0,0,0,0,0,0,4937662017,40505,40505,0,0,0,0,0,0,0,20,20,2468831009,2468831009,0,0,2,0,0,0,2,0,0,0,0,0,1185,16896,0,20
NonVPN,Audio-Streaming,131.202.240.150,43124,93.184.215.151,80,6,40672,1,1,0,0,0,0,0,0,0,4917387884,40672,40672,0,0,0,0,0,0,0,20,20,2458693942,2458693942,0,0,2,0,0,0,2,0,0,0,0,0,1452,18944,0,20
NonVPN,Audio-Streaming,131.202.240.150,60044,74.125.22.188,5228,6,90150007,3,3,0,0,0,0,0,0,0,66555735,45018074,37941,90112066,45056066,45056000,90112015,45056101,45055914,0,96,96,33277868,33277868,0,0,0,0,0,0,6,0,0,0,0,0,675,366,0,32
NonVPN,Audio-Streaming,131.202.240.150,54627,173.194.123.119,443,6,104853956,3,5,0,63,0,0,63,0,6008357,76296597,45030915,20,90112008,45056038,45055970,104828833,45056481,20,0,96,160,28611224,47685373,0,63,1,0,0,1,8,7875,0,126,0,0,245,358,0,32
NonVPN,Audio-Streaming,8.6.0.1,0,8.0.6.4,0,0,53810986,4,0,0,0,0,0,0,0,0,74334263,53810934,16,53810986,53810934,16,0,0,0,0,0,0,74334263,0,0,0,0,0,0,0,0,0,0,0,0,0,0,0,0,0
NonVPN,Audio-Streaming,131.202.240.150,43240,184.29.105.115,80,6,1369216,1816,2194,5488,7849292,344,0,23388,0,5736698958,2928683276,139392,1,1369216,145317,3,1291760,211830,3,1,58820,70208,1326306441,1602376835,0,23388,0,0,0,782,4010,1958882045,3022026432,3577617138,2208,5736715,11033,1320,15,32
NonVPN,Email,10.0.2.15,49539,157.56.52.27,40034,17,86346,1,1,35,20,35,35,20,20,6369721817,2316262479,86346,86346,0,0,0,0,0,0,0,8,8,1158131239,1158131239,20,35,0,0,0,0,0,45,35,20,0,0,0,0,0,8
NonVPN,Email,74.125.207.16,465,10.0.2.15,48945,6,16,2,0,0,0,0,0,0,0,0,125000,16,16,16,16,16,0,0,0,0,40,0,125000,0,0,0,0,0,0,0,2,0,0,0,0,0,65535,0,0,20
NonVPN,Email,74.125.207.16,465,10.0.2.15,48983,6,5557,2,0,0,0,0,0,0,0,0,3599064243,5557,5557,5557,5557,5557,0,0,0,0,40,0,3599064243,0,0,0,0,0,0,0,2,0,0,0,0,0,65535,0,0,20
NonVPN,Email,10.0.2.15,3492,198.7.63.141,53,17,60087,1,1,36,377,36,36,377,377,6873366951,3328506998,60087,60087,0,0,0,0,0,0,0,8,8,1664253499,1664253499,36,377,0,0,0,0,0,2245,36,377,0,0,0,0,0,8
NonVPN,Email,10.0.2.15,52717,78.46.223.24,53,17,152007,1,1,37,228,37,37,228,228,1743340767,1315728881,152007,152007,0,0,0,0,0,0,0,8,8,6578644405,6578644405,37,228,0,0,0,0,0,151,37,228,0,0,0,0,0,8
NonVPN,Email,74.125.207.16,465,10.0.2.15,49018,6,23,2,0,0,0,0,0,0,0,0,8695652174,23,23,23,23,23,0,0,0,0,40,0,8695652174,0,0,0,0,0,0,0,2,0,0,0,0,0,65535,0,0,20
NonVPN,Email,74.125.207.16,465,10.0.2.15,49010,6,109,2,0,0,0,0,0,0,0,0,1834862385,109,109,109,109,109,0,0,0,0,40,0,1834862385,0,0,0,0,0,0,0,2,0,0,0,0,0,65535,0,0,20
NonVPN,Email,10.0.2.15,42899,157.56.53.47,12350,6,85096,2,2,5,5,5,0,5,0,1175143367,470057347,84829,29,85096,85096,85096,84829,84829,84829,1,40,40,2350286735,2350286735,0,5,0,0,0,2,4,375,25,25,0,0,31088,65535,0,20
NonVPN,Audio-Streaming,131.202.240.150,44638,173.252.79.88,3478,6,78918,1,1,0,0,0,0,0,0,0,2534276084,78918,78918,0,0,0,0,0,0,0,32,32,1267138042,1267138042,0,0,2,0,0,0,2,0,0,0,0,0,229,29,0,32
NonVPN,Audio-Streaming,131.202.240.150,50658,173.252.79.88,443,6,79023,1,1,0,0,0,0,0,0,0,2530908723,79023,79023,0,0,0,0,0,0,0,32,32,1265454361,1265454361,0,0,2,0,0,0,2,0,0,0,0,0,229,29,0,32
NonVPN,Audio-Streaming,131.202.240.150,60561,173.252.79.88,443,6,78969,1,1,0,0,0,0,0,0,0,253263939,78969,78969,0,0,0,0,0,0,0,32,32,1266319695,1266319695,0,0,2,0,0,0,2,0,0,0,0,0,229,29,0,32
NonVPN,Chat,131.202.240.87,51325,224.0.0.252,5355,17,410944,2,0,44,0,22,22,0,0,1070705498,4866843171,410944,410944,410944,410944,410944,0,0,0,0,16,0,4866843171,0,22,22,0,0,0,0,0,33,22,0,0,0,0,0,1,8
NonVPN,Chat,131.202.240.87,137,131.202.243.255,137,17,1500492,3,0,150,0,50,50,0,0,9996721075,1999344215,750665,749827,1500492,750665,749827,0,0,0,0,24,0,1999344215,0,50,50,0,0,0,0,0,6666666667,50,0,0,0,0,0,2,8
NonVPN,Chat,131.202.240.87,13976,131.202.244.3,53,17,215230,1,1,33,511,33,33,511,511,252752869,9292384891,215230,215230,0,0,0,0,0,0,0,8,8,4646192445,4646192445,33,511,0,0,0,0,0,2885,33,511,0,0,0,0,0,8
NonVPN,Chat,131.202.240.87,58992,224.0.0.252,5355,17,415406,2,0,44,0,22,22,0,0,105920473,4814566954,415406,415406,415406,415406,415406,0,0,0,0,16,0,4814566954,0,22,22,0,0,0,0,0,33,22,0,0,0,0,0,1,8
NonVPN,Chat,131.202.240.87,61432,224.0.0.252,5355,17,411629,2,0,44,0,22,22,0,0,1068923715,485874416,411629,411629,411629,411629,411629,0,0,0,0,16,0,485874416,0,22,22,0,0,0,0,0,33,22,0,0,0,0,0,1,8
NonVPN,Video-Streaming,131.202.240.150,27223,131.202.244.5,53,17,353,1,1,42,149,42,42,149,149,5410764873,566572238,353,353,0,0,0,0,0,0,0,8,8,283286119,283286119,42,149,0,0,0,0,0,1165,42,149,0,0,0,0,0,8
NonVPN,Video-Streaming,209.148.205.32,443,131.202.240.150,51195,6,4213,4,2,53,0,53,0,0,0,1258010919,1424163304,3458,19,4213,3485,19,696,696,696,0,104,40,9494422027,4747211014,0,53,1,0,4,1,2,8833333333,1325,0,0,0,520,0,1,20
NonVPN,Video-Streaming,131.202.240.150,53436,69.171.255.36,3478,17,79084,1,1,28,32,28,28,32,32,7586869658,2528956553,79084,79084,0,0,0,0,0,0,0,8,8,1264478276,1264478276,28,32,0,0,0,0,0,44,28,32,0,0,0,0,0,8
NonVPN,Video-Streaming,131.202.240.150,30432,131.202.244.5,53,17,320,1,1,34,141,34,34,141,141,546875,6250,320,320,0,0,0,0,0,0,0,8,8,3125,3125,34,141,0,0,0,0,0,1045,34,141,0,0,0,0,0,8
NonVPN,Video-Streaming,131.202.240.150,57493,131.202.244.5,53,17,50930,1,1,43,453,43,43,453,453,9738857255,3926958571,50930,50930,0,0,0,0,0,0,0,8,8,1963479285,1963479285,43,453,0,0,0,0,0,2695,43,453,0,0,0,0,0,8
NonVPN,Video-Streaming,131.202.240.150,4793,131.202.244.5,53,17,402,1,1,36,162,36,36,162,162,4925373134,4975124378,402,402,0,0,0,0,0,0,0,8,8,2487562189,2487562189,36,162,0,0,0,0,0,117,36,162,0,0,0,0,0,8
NonVPN,File-Transfer,112.5.9.183,26296,131.202.240.87,61009,17,268,1,1,101,287,101,101,287,287,1447761194,7462686567,268,268,0,0,0,0,0,0,0,8,8,3731343284,3731343284,101,287,0,0,0,0,0,2445,101,287,0,0,0,0,0,8
NonVPN,File-Transfer,211.179.39.118,31282,131.202.240.87,61009,17,8895893,1,2,117,439,117,117,369,70,6250075175,337234272,8895617,276,0,0,0,8895617,8895617,8895617,0,8,16,112411424,224822848,70,369,0,0,0,0,0,2243333333,117,2195,0,0,0,0,0,8
NonVPN,File-Transfer,131.202.240.87,61009,112.158.50.65,27467,17,3267705,1,1,103,289,103,103,289,289,1199618693,612050353,3267705,3267705,0,0,0,0,0,0,0,8,8,306025177,306025177,103,289,0,0,0,0,0,2475,103,289,0,0,0,0,0,8
NonVPN,File-Transfer,89.233.116.165,40784,131.202.240.87,61009,17,10798726,2,2,243,389,137,106,319,70,5852542235,370414066,10787738,392,10788130,10788130,10788130,10798334,10798334,10798334,0,16,16,185207033,185207033,70,319,0,0,0,0,0,1845,1215,1945,0,0,0,0,1,8
NonVPN,File-Transfer,176.196.58.23,30978,131.202.240.87,61009,17,263,1,1,103,289,103,103,289,289,1490494297,7604562738,263,263,0,0,0,0,0,0,0,8,8,3802281369,3802281369,103,289,0,0,0,0,0,2475,103,289,0,0,0,0,0,8
NonVPN,File-Transfer,219.78.196.185,17521,131.202.240.87,61009,17,40011334,2,2,352,389,235,117,319,70,1851975243,99971673,40010473,334,40010807,40010807,40010807,40011000,40011000,40011000,0,16,16,49985837,49985837,70,319,0,0,0,0,0,2145,176,1945,0,0,0,0,1,8
NonVPN,File-Transfer,95.153.187.123,30653,131.202.240.87,61009,17,303,1,1,101,287,101,101,287,287,1280528053,6600660066,303,303,0,0,0,0,0,0,0,8,8,3300330033,3300330033,101,287,0,0,0,0,0,2445,101,287,0,0,0,0,0,8
NonVPN,File-Transfer,131.202.240.87,61009,69.157.187.22,42863,17,63920,1,1,103,289,103,103,289,289,6132665832,3128911139,63920,63920,0,0,0,0,0,0,0,8,8,1564455569,1564455569,103,289,0,0,0,0,0,2475,103,289,0,0,0,0,0,8
NonVPN,File-Transfer,131.202.240.87,61009,83.155.183.18,48366,17,63965013,2,1,392,289,289,103,289,289,1064644511,46900639,63803911,161102,63803911,63803911,63803911,0,0,0,0,16,8,31267093,15633546,103,289,0,0,0,0,0,3233333333,196,289,0,0,0,0,1,8
NonVPN,Chat,131.202.240.242,63602,224.0.0.252,5355,17,432502,2,0,44,0,22,22,0,0,1017336336,4624256073,432502,432502,432502,432502,432502,0,0,0,0,16,0,4624256073,0,22,22,0,0,0,0,0,33,22,0,0,0,0,0,1,8
NonVPN,Chat,131.202.240.242,63448,224.0.0.252,5355,17,411948,2,0,44,0,22,22,0,0,1068095973,4854981697,411948,411948,411948,411948,411948,0,0,0,0,16,0,4854981697,0,22,22,0,0,0,0,0,33,22,0,0,0,0,0,1,8
NonVPN,Chat,131.202.240.242,56045,224.0.0.252,5355,17,413286,2,0,44,0,22,22,0,0,1064638047,4839263851,413286,413286,413286,413286,413286,0,0,0,0,16,0,4839263851,0,22,22,0,0,0,0,0,33,22,0,0,0,0,0,1,8
NonVPN,Chat,74.125.226.179,443,131.202.240.87,65022,6,1,2,0,55,0,55,0,0,0,55000000,2000000,1,1,1,1,1,0,0,0,1,40,0,2000000,0,0,55,1,0,0,1,2,55,275,0,0,0,352,0,0,20
NonVPN,Chat,131.202.240.87,65022,74.125.226.179,443,6,563,2,0,0,0,0,0,0,0,0,3552397869,563,563,563,563,563,0,0,0,0,40,0,3552397869,0,0,0,1,0,0,0,2,0,0,0,0,0,16459,0,0,20
NonVPN,Chat,216.58.219.237,443,131.202.240.87,65034,6,1,2,0,55,0,55,0,0,0,55000000,2000000,1,1,1,1,1,0,0,0,1,40,0,2000000,0,0,55,1,0,0,1,2,55,275,0,0,0,352,0,0,20
NonVPN,Chat,131.202.240.87,65034,216.58.219.237,443,6,2067,2,0,0,0,0,0,0,0,0,9675858732,2067,2067,2067,2067,2067,0,0,0,0,40,0,9675858732,0,0,0,1,0,0,0,2,0,0,0,0,0,16459,0,0,20
NonVPN,Chat,74.125.226.171,443,131.202.240.87,65036,6,1,2,0,55,0,55,0,0,0,55000000,2000000,1,1,1,1,1,0,0,0,1,40,0,2000000,0,0,55,1,0,0,1,2,55,275,0,0,0,352,0,0,20
NonVPN,Chat,131.202.240.87,65036,74.125.226.171,443,6,861,2,0,0,0,0,0,0,0,0,2322880372,861,861,861,861,861,0,0,0,0,40,0,2322880372,0,0,0,1,0,0,0,2,0,0,0,0,0,16424,0,0,20
NonVPN,Chat,173.194.113.152,443,131.202.240.87,65038,6,1,2,0,55,0,55,0,0,0,55000000,2000000,1,1,1,1,1,0,0,0,1,40,0,2000000,0,0,55,1,0,0,1,2,55,275,0,0,0,352,0,0,20
NonVPN,Chat,131.202.240.87,65038,173.194.113.152,443,6,520,2,0,0,0,0,0,0,0,0,3846153846,520,520,520,520,520,0,0,0,0,40,0,3846153846,0,0,0,1,0,0,0,2,0,0,0,0,0,16459,0,0,20
NonVPN,Video-Streaming,131.202.240.150,22013,131.202.244.3,53,17,384,1,1,45,197,45,45,197,197,6302083333,5208333333,384,384,0,0,0,0,0,0,0,8,8,2604166667,2604166667,45,197,0,0,0,0,0,1435,45,197,0,0,0,0,0,8
NonVPN,Video-Streaming,131.202.240.150,58824,131.202.244.5,53,17,412,1,1,37,213,37,37,213,213,6067961165,4854368932,412,412,0,0,0,0,0,0,0,8,8,2427184466,2427184466,37,213,0,0,0,0,0,1435,37,213,0,0,0,0,0,8
NonVPN,Video-Streaming,131.202.240.150,34366,131.202.244.5,53,17,353,1,1,33,185,33,33,185,185,6175637394,566572238,353,353,0,0,0,0,0,0,0,8,8,283286119,283286119,33,185,0,0,0,0,0,1255,33,185,0,0,0,0,0,8
NonVPN,Video-Streaming,131.202.240.150,37352,131.202.244.5,53,17,295,1,1,30,105,30,30,105,105,4576271186,6779661017,295,295,0,0,0,0,0,0,0,8,8,3389830508,3389830508,30,105,0,0,0,0,0,825,30,105,0,0,0,0,0,8
NonVPN,Video-Streaming,131.202.240.150,64166,131.202.244.5,53,17,399,1,1,33,185,33,33,185,185,5463659148,5012531328,399,399,0,0,0,0,0,0,0,8,8,2506265664,2506265664,33,185,0,0,0,0,0,1255,33,185,0,0,0,0,0,8
NonVPN,Video-Streaming,131.202.240.150,47991,131.202.244.5,53,17,400,1,1,33,185,33,33,185,185,545000,5000,400,400,0,0,0,0,0,0,0,8,8,2500,2500,33,185,0,0,0,0,0,1255,33,185,0,0,0,0,0,8
NonVPN,Video-Streaming,131.202.240.150,34412,131.202.244.5,53,17,387,1,1,37,213,37,37,213,213,645994832,5167958656,387,387,0,0,0,0,0,0,0,8,8,2583979328,2583979328,37,213,0,0,0,0,0,1435,37,213,0,0,0,0,0,8
NonVPN,Video-Streaming,131.202.240.150,41511,131.202.244.3,53,17,337,1,1,33,345,33,33,345,345,1121661721,5934718101,337,337,0,0,0,0,0,0,0,8,8,296735905,296735905,33,345,0,0,0,0,0,2055,33,345,0,0,0,0,0,8
NonVPN,Video-Streaming,131.202.240.150,37078,131.202.244.5,53,17,409,1,1,33,185,33,33,185,185,533007335,488997555,409,409,0,0,0,0,0,0,0,8,8,2444987775,2444987775,33,185,0,0,0,0,0,1255,33,185,0,0,0,0,0,8
NonVPN,Chat,131.202.240.242,52657,224.0.0.252,5355,17,420980,2,0,44,0,22,22,0,0,1045180294,4750819516,420980,420980,420980,420980,420980,0,0,0,0,16,0,4750819516,0,22,22,0,0,0,0,0,33,22,0,0,0,0,0,1,8
NonVPN,Chat,131.202.240.242,57292,224.0.0.252,5355,17,420876,2,0,44,0,22,22,0,0,1045438561,4751993461,420876,420876,420876,420876,420876,0,0,0,0,16,0,4751993461,0,22,22,0,0,0,0,0,33,22,0,0,0,0,0,1,8
NonVPN,Chat,131.202.240.242,52386,224.0.0.252,5355,17,420842,2,0,44,0,22,22,0,0,1045523023,4752377377,420842,420842,420842,420842,420842,0,0,0,0,16,0,4752377377,0,22,22,0,0,0,0,0,33,22,0,0,0,0,0,1,8
NonVPN,Chat,131.202.240.242,51086,224.0.0.252,5355,17,420706,2,0,44,0,22,22,0,0,1045861005,4753913659,420706,420706,420706,420706,420706,0,0,0,0,16,0,4753913659,0,22,22,0,0,0,0,0,33,22,0,0,0,0,0,1,8
NonVPN,Chat,131.202.240.242,55982,224.0.0.252,5355,17,420371,2,0,44,0,22,22,0,0,1046694468,4757702125,420371,420371,420371,420371,420371,0,0,0,0,16,0,4757702125,0,22,22,0,0,0,0,0,33,22,0,0,0,0,0,1,8
NonVPN,Chat,131.202.240.242,51827,224.0.0.252,5355,17,420539,2,0,44,0,22,22,0,0,1046276326,4755801483,420539,420539,420539,420539,420539,0,0,0,0,16,0,4755801483,0,22,22,0,0,0,0,0,33,22,0,0,0,0,0,1,8
NonVPN,Audio-Streaming,23.45.42.52,80,131.202.240.150,50457,6,681718,1,2,0,0,0,0,0,0,0,4400646602,642301,39417,0,0,0,642301,642301,642301,0,32,64,1466882201,2933764401,0,0,2,0,0,0,3,0,0,0,0,0,996,317,0,32
NonVPN,Audio-Streaming,131.202.240.150,48078,184.73.220.127,80,6,14582312,1,2,0,0,0,0,0,0,0,205728694,14525403,56909,0,0,0,14525403,14525403,14525403,0,32,64,68576231,137152463,0,0,1,0,0,0,3,0,0,0,0,0,438,136,0,32
NonVPN,Audio-Streaming,131.202.240.150,48078,184.73.220.127,80,6,429549,2,0,0,0,0,0,0,0,0,4656046225,429549,429549,429549,429549,429549,0,0,0,0,64,0,4656046225,0,0,0,1,0,0,0,2,0,0,0,0,0,438,0,0,32
NonVPN,Audio-Streaming,131.202.240.150,44615,23.67.250.97,80,6,16758883,1,2,0,0,0,0,0,0,0,179009544,16722098,36785,0,0,0,16722098,16722098,16722098,0,32,64,59669848,119339696,0,0,1,0,0,0,3,0,0,0,0,0,237,508,0,32
NonVPN,Audio-Streaming,131.202.240.150,36527,54.210.92.215,80,6,14343729,1,2,0,0,0,0,0,0,0,209150633,14289296,54433,0,0,0,14289296,14289296,14289296,0,32,64,69716878,139433755,0,0,1,0,0,0,3,0,0,0,0,0,1140,166,0,32
NonVPN,Chat,131.202.243.1,61261,224.0.0.252,5355,17,99538,2,0,44,0,22,22,0,0,4420422351,2009282887,99538,99538,99538,99538,99538,0,0,0,0,16,0,2009282887,0,22,22,0,0,0,0,0,33,22,0,0,0,0,0,1,8
NonVPN,Chat,131.202.242.93,54771,224.0.0.252,5355,17,411651,2,0,44,0,22,22,0,0,1068866588,4858484493,411651,411651,411651,411651,411651,0,0,0,0,16,0,4858484493,0,22,22,0,0,0,0,0,33,22,0,0,0,0,0,1,8
NonVPN,Chat,131.202.242.93,50870,224.0.0.252,5355,17,411620,2,0,44,0,22,22,0,0,1068947087,4858850396,411620,411620,411620,411620,411620,0,0,0,0,16,0,4858850396,0,22,22,0,0,0,0,0,33,22,0,0,0,0,0,1,8
NonVPN,Chat,131.202.240.87,65402,224.0.0.252,5355,17,418414,2,0,44,0,22,22,0,0,1051590052,4779954782,418414,418414,418414,418414,418414,0,0,0,0,16,0,4779954782,0,22,22,0,0,0,0,0,33,22,0,0,0,0,0,1,8
NonVPN,Chat,131.202.240.70,56962,224.0.0.252,5355,17,418993,2,0,44,0,22,22,0,0,1050136876,4773349435,418993,418993,418993,418993,418993,0,0,0,0,16,0,4773349435,0,22,22,0,0,0,0,0,33,22,0,0,0,0,0,1,8
NonVPN,Chat,131.202.240.242,58618,224.0.0.252,5355,17,411298,2,0,44,0,22,22,0,0,1069783952,4862654329,411298,411298,411298,411298,411298,0,0,0,0,16,0,4862654329,0,22,22,0,0,0,0,0,33,22,0,0,0,0,0,1,8
NonVPN,Chat,131.202.242.93,50261,224.0.0.252,5355,17,411211,2,0,44,0,22,22,0,0,1070010287,4863683121,411211,411211,411211,411211,411211,0,0,0,0,16,0,4863683121,0,22,22,0,0,0,0,0,33,22,0,0,0,0,0,1,8
NonVPN,Chat,131.202.243.48,64488,224.0.0.252,5355,17,420227,2,0,44,0,22,22,0,0,104705314,4759332456,420227,420227,420227,420227,420227,0,0,0,0,16,0,4759332456,0,22,22,0,0,0,0,0,33,22,0,0,0,0,0,1,8
NonVPN,File-transfer,131.202.240.150,58412,216.58.219.227,443,6,59803936,3,4,0,63,0,0,63,0,1053442369,117049152,45030576,9,59803927,45056087,14747840,59778425,45057628,92,0,96,128,50163922,6688523,0,63,1,0,0,1,7,9,0,1575,0,0,237,350,0,32
NonVPN,File-Transfer,131.202.240.86,49624,131.202.240.150,40273,17,110560752,2634,2592,423478,2516872,1370,3,1377,3,2659488061,4726813001,9649807,-1,110560752,10000426,1,110154847,10000724,8,0,21072,20736,2382400583,2344412419,3,1377,0,0,0,0,0,5626393035,1607737282,9710154321,433,86502,0,0,2633,8
NonVPN,File-Transfer,131.202.240.150,33309,134.170.19.108,443,6,119080245,26,22,6349,10693,1013,0,981,0,1431135786,40308953,30921905,34,118844066,30921977,181,118838541,30959770,716,1,832,704,218340162,184749368,0,1013,0,0,0,26,48,3761458333,2441923077,4860454545,0,0,65331,63094,8,32
NonVPN,File-Transfer,131.202.240.150,48885,157.55.56.157,40008,6,60093864,5,4,1633,8,816,0,4,0,2730728049,149765707,59912829,69,60093864,59912829,45770,60048088,60001742,444,1,160,128,8320317,66562536,0,816,0,0,0,5,9,1825555556,3266,2,0,0,293,83,2,32
NonVPN,File-Transfer,131.202.240.150,49876,131.202.240.86,49624,6,118613905,104,92,1900,1887,420,0,369,0,3192711681,1652420094,46175131,6,118613674,46374652,21,118613466,46175131,16,1,3328,2944,876794335,775625758,0,420,0,0,0,107,196,2146428571,1826923077,2051086957,12,112,1160,256,51,32
NonVPN,File-Transfer,8.6.0.1,0,8.0.6.4,0,0,119998778,16,0,0,0,0,0,0,0,0,133334691,23500081,12,119998778,23500081,12,0,0,0,0,0,0,133334691,0,0,0,0,0,0,0,0,0,0,0,0,0,0,0,0,0
NonVPN,File-Transfer,131.202.240.150,39508,64.233.171.188,5228,6,90150592,3,3,0,0,0,0,0,0,0,66555303,45017499,38523,90112048,45056026,45056022,90112069,45056057,45056012,0,96,96,33277652,33277652,0,0,0,0,0,0,6,0,0,0,0,0,1017,366,0,32
NonVPN,File-Transfer,131.202.240.150,51630,216.58.219.238,443,6,90288750,12,10,887,289,517,0,153,0,1302487851,243662693,45086373,32,90263153,45111933,135,90262198,45111970,32,0,392,328,132906924,11075577,0,517,0,2,0,10,21,5345454545,7391666667,289,10,19637,29200,350,6,32
NonVPN,File-Transfer,131.202.240.86,49624,131.202.240.150,40273,17,119588298,606,600,17454,272894,442,3,527,3,2427896415,1008459875,9658616,0,119588007,10042522,1,119237014,10009096,18,0,4848,4800,5067385439,5017213306,3,527,0,0,0,0,0,2407553897,288019802,4548233333,73,24605,0,0,605,8
NonVPN,File-Transfer,131.202.240.150,48885,157.55.56.157,40008,6,60093448,8,8,1641,136,815,0,124,0,2957061143,266251988,53115458,52,60093448,53115534,300,59969181,53115510,205,1,256,256,133125994,133125994,0,815,0,0,0,8,16,1111875,205125,17,0,0,293,83,3,32
NonVPN,File-Transfer,131.202.240.150,49876,131.202.240.86,49624,6,119890871,128,105,1600,1861,62,0,374,0,2886791939,1943434042,32781691,4,119890871,32985181,10,119087523,32781691,24,1,4096,3360,1067637585,875796457,0,374,0,0,0,137,233,1512017167,125,1772380952,14,133,1197,255,68,32
NonVPN,File-Transfer,131.202.240.150,33309,134.170.19.108,443,6,118399510,29,25,7916,11882,997,0,949,0,1672135299,456082969,24490844,12,118163820,24490844,50,111490467,24731433,32,1,928,800,244933446,211149523,0,997,0,0,0,30,54,3753148148,2729655172,47528,4,9196,63094,63739,11,32
NonVPN,File-Transfer,131.202.240.150,51630,216.58.219.238,443,6,104767974,3,5,0,63,0,0,63,0,601328799,76359213,45030562,68,90112058,45056040,45056018,104742419,45056944,68,0,96,160,28634705,47724508,0,63,1,0,0,1,8,7875,0,126,0,0,237,350,0,32
NonVPN,Video-Streaming,131.202.240.150,40933,131.202.244.5,53,17,319,1,1,32,82,32,32,82,82,3573667712,6269592476,319,319,0,0,0,0,0,0,0,8,8,3134796238,3134796238,32,82,0,0,0,0,0,73,32,82,0,0,0,0,0,8
NonVPN,Video-Streaming,216.58.219.238,443,131.202.240.150,47991,6,29555,71,71,181968,0,5352,1338,0,0,6156927762,480460159,5919,2,29551,5924,29,29544,5936,24,0,2272,1420,2402300795,2402300795,0,5352,0,0,71,0,71,1290887324,2562929577,0,71,6157761,634,0,70,32
NonVPN,Video-Streaming,131.202.240.150,40933,131.202.244.3,53,17,357,1,1,32,82,32,32,82,82,3193277311,5602240896,357,357,0,0,0,0,0,0,0,8,8,2801120448,2801120448,32,82,0,0,0,0,0,73,32,82,0,0,0,0,0,8
NonVPN,Video-Streaming,54.201.9.41,443,131.202.240.150,49951,6,16,1,1,0,0,0,0,0,0,0,125000,16,16,0,0,0,0,0,0,0,32,32,62500,62500,0,0,1,0,0,0,2,0,0,0,0,0,53,323,0,32
NonVPN,Video-Streaming,131.202.240.150,443,199.212.24.172,56874,6,10,2,0,0,0,0,0,0,0,0,200000,10,10,10,10,10,0,0,0,0,40,0,200000,0,0,0,0,0,2,0,0,0,0,0,0,0,0,0,0,20
NonVPN,Video-Streaming,131.202.240.150,39485,131.202.6.3,53,17,1183,1,1,31,218,31,31,218,218,2104818259,1690617075,1183,1183,0,0,0,0,0,0,0,8,8,8453085376,8453085376,31,218,0,0,0,0,0,140,31,218,0,0,0,0,0,8
NonVPN,Video-Streaming,131.202.240.150,22976,131.202.244.3,53,17,499,1,1,33,379,33,33,379,379,8256513026,4008016032,499,499,0,0,0,0,0,0,0,8,8,2004008016,2004008016,33,379,0,0,0,0,0,2225,33,379,0,0,0,0,0,8
NonVPN,Video-Streaming,173.194.123.24,443,131.202.240.150,46026,6,403,3,0,0,0,0,0,0,0,0,7444168734,398,5,403,398,5,0,0,0,0,60,0,7444168734,0,0,0,0,0,3,0,0,0,0,0,0,0,0,0,0,20
NonVPN,Video-Streaming,131.202.240.150,32329,131.202.244.3,53,17,289,1,1,22,97,22,22,97,97,4117647059,6920415225,289,289,0,0,0,0,0,0,0,8,8,3460207612,3460207612,22,97,0,0,0,0,0,705,22,97,0,0,0,0,0,8
NonVPN,VOIP,131.202.240.242,62638,224.0.0.252,5355,17,410201,2,0,44,0,22,22,0,0,1072644874,4875658519,410201,410201,410201,410201,410201,0,0,0,0,16,0,4875658519,0,22,22,0,0,0,0,0,33,22,0,0,0,0,0,1,8
NonVPN,VOIP,131.202.240.242,58081,224.0.0.252,5355,17,410162,2,0,44,0,22,22,0,0,1072746866,4876122118,410162,410162,410162,410162,410162,0,0,0,0,16,0,4876122118,0,22,22,0,0,0,0,0,33,22,0,0,0,0,0,1,8
NonVPN,VOIP,131.202.240.242,64570,224.0.0.252,5355,17,411258,2,0,44,0,22,22,0,0,1069888002,4863127283,411258,411258,411258,411258,411258,0,0,0,0,16,0,4863127283,0,22,22,0,0,0,0,0,33,22,0,0,0,0,0,1,8
NonVPN,VOIP,131.202.240.242,62313,224.0.0.252,5355,17,410057,2,0,44,0,22,22,0,0,1073021556,4877370707,410057,410057,410057,410057,410057,0,0,0,0,16,0,4877370707,0,22,22,0,0,0,0,0,33,22,0,0,0,0,0,1,8
NonVPN,VOIP,131.202.240.242,63680,224.0.0.252,5355,17,409575,2,0,44,0,22,22,0,0,1074284319,4883110541,409575,409575,409575,409575,409575,0,0,0,0,16,0,4883110541,0,22,22,0,0,0,0,0,33,22,0,0,0,0,0,1,8
NonVPN,VOIP,131.202.240.242,58946,224.0.0.252,5355,17,417809,2,0,66,0,33,33,0,0,1579669179,47868763,417809,417809,417809,417809,417809,0,0,0,0,16,0,47868763,0,33,33,0,0,0,0,0,495,33,0,0,0,0,0,1,8
NonVPN,VOIP,131.202.240.242,52499,224.0.0.252,5355,17,411415,2,0,44,0,22,22,0,0,1069479722,4861271466,411415,411415,411415,411415,411415,0,0,0,0,16,0,4861271466,0,22,22,0,0,0,0,0,33,22,0,0,0,0,0,1,8
NonVPN,VOIP,131.202.240.242,63855,224.0.0.252,5355,17,411951,2,0,44,0,22,22,0,0,1068088195,4854946341,411951,411951,411951,411951,411951,0,0,0,0,16,0,4854946341,0,22,22,0,0,0,0,0,33,22,0,0,0,0,0,1,8
NonVPN,VOIP,131.202.240.242,63749,224.0.0.252,5355,17,410735,2,0,44,0,22,22,0,0,107125032,4869319634,410735,410735,410735,410735,410735,0,0,0,0,16,0,4869319634,0,22,22,0,0,0,0,0,33,22,0,0,0,0,0,1,8
Tor,Chat,82.161.239.177,110,10.0.2.15,58368,6,101111380,23,21,13770,7428,1057,0,1057,0,2096499919,435163678,21385830,47,101111330,21385880,338,100821592,21385877,283,1,460,420,227471923,207691755,0,1057,0,0,0,22,44,4941136364,5986956522,3537142857,4,3482,65535,65535,13,20
Tor,Chat,82.161.239.177,110,10.0.2.15,58368,6,115531998,26,26,17969,8999,1057,0,1057,0,2334245098,450091757,28913021,44,115531950,28913072,935,115531952,28913070,525,1,520,520,225045879,225045879,0,1057,0,0,0,26,52,5389423077,6911153846,3461153846,0,0,65535,65535,16,20
Tor,Chat,82.161.239.177,110,10.0.2.15,58368,6,88160003,14,14,9513,5285,1057,0,1057,0,1678538963,317604345,41467377,43,88159956,41467426,350915,88159952,41467424,351697,1,280,280,158802173,158802173,0,1057,0,0,0,14,28,56625,6795,3775,0,0,65535,65535,8,20
Tor,Chat,82.161.239.177,110,10.0.2.15,47257,6,118948557,84,85,44908,25144,1420,0,1460,0,5889268585,1420782263,22701550,12,118910600,22741396,60,118948431,22701550,52,1,1680,1700,706187634,714594629,0,1460,0,0,0,80,169,4207633136,5346190476,2958117647,8,10496,65535,65535,50,20
Tor,Chat,82.161.239.177,110,10.0.2.15,47257,6,112110785,19,18,10628,3801,1350,0,543,0,1287030503,330030692,41139493,16,112110738,41177773,487,112110740,41139544,386,1,380,360,16947522,160555472,0,1350,0,0,0,19,37,4185405405,5593684211,2111666667,8,12160,65535,65535,11,20
Tor,Chat,82.161.239.177,110,10.0.2.15,47257,6,101215870,42,39,20257,10230,1350,0,1057,0,3012077059,80026976,41023720,11,101215822,41062480,269,101215687,41023720,365,1,840,780,41495469,38531507,0,1350,0,0,0,42,81,3894320988,4823095238,2623076923,6,7241,65535,65535,25,20
Tor,Chat,82.161.239.177,110,10.0.2.15,47257,6,119988944,15,14,7457,2715,1350,0,543,0,8477447722,241688934,50058912,11,119988944,50098384,448,119728867,50058961,321,1,300,280,125011518,116677417,0,1350,0,0,0,15,29,3872068966,4971333333,1939285714,4,7029,65535,65535,9,20
Tor,File-Transfer,10.0.2.15,36922,198.52.200.39,443,6,104524926,952,711,1137616,77786,1460,0,1338,0,116278676,1591008063,22391510,0,104524926,22391748,0,88686623,22392262,6,1,19040,14220,9107875379,6802205246,0,1460,0,0,0,462,1663,7311755863,119497479,1094036568,332,128661,65535,65535,917,20
Tor,File-Transfer,10.0.2.15,36922,198.52.200.39,443,6,119802932,22487,16467,28008603,1546241,1460,0,1420,0,2466954982,3251506399,59976691,0,119802932,59976691,0,119766154,60014425,0,1,449740,329340,1876999137,1374507262,0,1460,0,0,0,9932,38954,7587253427,1245546449,9389937451,7844,765709,65535,65535,22091,20
Tor,File-Transfer,10.0.2.15,36922,198.52.200.39,443,6,119578967,104789,76695,130842675,7308047,1460,0,1420,0,1155309545,1517691652,997088,0,119578967,997131,0,119508804,997235,0,1,2095780,1533900,8763163174,6413753348,0,1460,0,0,0,45861,181484,7612311003,1248629866,9528713736,109561,1155668,65535,65535,103094,20
Tor,File-Transfer,10.0.2.15,36922,198.52.200.39,443,6,119999942,52392,38320,65214895,3615934,1460,0,1420,0,5735905189,7559336987,9839365,0,119999942,9839365,0,119999596,9876201,0,1,1047840,766400,436600211,3193334877,0,1460,0,0,0,23070,90712,758790149,1244749103,9436153445,10959,763542,65535,65535,51392,20
Tor,File-Transfer,10.0.2.15,36922,198.52.200.39,443,6,119970659,67653,49505,84270657,4682373,1460,0,1420,0,7414565423,9765554426,13351547,0,119970583,13351547,0,119970580,13391683,0,0,1353060,990100,5639128814,4126425612,0,1460,0,0,0,29771,117158,7592569863,1245630748,9458384002,23587,843819,65535,65535,66391,20
Tor,File-Transfer,10.0.2.15,36922,198.52.200.39,443,6,119964162,64206,47171,79594736,4971083,1460,0,1420,0,7049256844,928418939,1895946,0,119964084,1897240,0,119962436,1895946,0,1,1284120,943420,5352098404,3932090986,0,1460,0,0,0,28489,111377,7592803002,1239677538,1053843039,33641,716246,65535,65535,62690,20
Tor,File-Transfer,10.0.2.15,36922,198.52.200.39,443,6,119996740,36897,27234,45429894,3009459,1460,0,1420,0,4036722414,5344395189,22271645,0,119996740,22271645,0,119934590,22310300,0,1,737940,544680,3074833533,2269561656,0,1460,0,0,0,16507,64131,7553233849,1231262542,1105037453,19356,496047,65535,65535,35797,20
Tor,Browsing,8.6.0.1,0,8.0.6.4,0,0,93678873,3,0,0,0,0,0,0,0,0,32024296,60015592,33663281,93678873,60015592,33663281,0,0,0,0,0,0,32024296,0,0,0,0,0,0,0,0,0,0,0,0,0,0,0,0,0
Tor,Browsing,10.0.2.15,33827,82.161.239.177,110,6,119934636,53,51,12315,27743,1460,0,1086,0,3339985957,867138997,16490186,36,119934329,16490186,135,119934516,16490669,723,1,1060,1020,441907374,425231624,0,1460,0,0,0,51,104,3903942308,2323584906,5439803922,5,4898,65535,65535,18,20
Tor,Browsing,8.6.0.1,0,8.0.6.4,0,0,88879191,3,0,0,0,0,0,0,0,0,33753683,54255133,34624058,88879191,54255133,34624058,0,0,0,0,0,0,33753683,0,0,0,0,0,0,0,0,0,0,0,0,0,0,0,0,0
Tor,Browsing,10.0.2.15,33827,82.161.239.177,110,6,109501357,2220,3074,871765,2570802,1460,0,1420,0,3143857843,4834643282,5815469,0,109501357,5815510,0,109496788,5815510,0,1,44400,61480,2027372136,2807271146,0,1460,0,0,0,2223,5294,6503796751,3926869369,8363051399,293,54366,65535,65535,1179,20
Tor,Browsing,10.0.2.15,33827,82.161.239.177,110,6,118539659,29,26,6943,11316,1460,0,1350,0,1540328372,463979739,40574727,13,118539659,40574772,43,100767975,40574766,160,1,580,520,244643862,219335876,0,1460,0,0,0,27,55,3418545455,2394137931,4352307692,10,4175,65535,65535,9,20
Tor,Browsing,8.6.0.1,0,8.0.6.4,0,0,97264227,3,0,0,0,0,0,0,0,0,30843817,64671021,32593206,97264227,64671021,32593206,0,0,0,0,0,0,30843817,0,0,0,0,0,0,0,0,0,0,0,0,0,0,0,0,0
Tor,Browsing,10.0.2.15,33827,82.161.239.177,110,6,106163536,92,88,23001,40717,1460,0,1350,0,6001872432,1695497407,18995689,0,106163291,18995689,47,106100984,18996022,8,1,1840,1760,866587564,828909843,0,1460,0,0,0,88,180,3570055556,2500108696,4626931818,9,3839,65535,65535,32,20
Tor,Browsing,10.0.2.15,33827,82.161.239.177,110,6,119994548,4729,7355,1572410,6884370,1460,0,1420,0,7047636864,1007045753,24090102,0,119994548,24090102,0,119993740,24090932,0,1,94580,147100,3941012387,6129445148,0,1460,0,0,0,5355,12084,6998777723,3325037006,9360122366,947,108450,65535,65535,2209,20
Tor,Browsing,10.0.2.15,33827,82.161.239.177,110,6,6994,2,1,1086,0,543,543,0,0,1552759508,4289390906,6420,574,6420,6420,6420,0,0,0,1,40,20,2859593938,1429796969,0,543,0,0,0,2,3,543,543,0,0,0,65535,65535,1,20
Tor,Browsing,10.0.2.15,33827,82.161.239.177,110,6,117358044,3470,5838,868692,6099096,1460,0,1420,0,5937205293,7931284199,14577235,0,117358044,14577284,0,117166389,14577278,0,1,69400,116760,2956763662,4974520536,0,1460,0,0,0,3855,9308,7486389128,2503435159,1044723535,493,121999,65535,65535,1208,20
Tor,Browsing,10.0.2.15,33827,82.161.239.177,110,6,118494184,139,134,39457,56667,1460,0,1420,0,8112128102,2303910545,9911618,11,118494184,9911932,40,112896101,9911618,74,1,2780,2680,1173053354,113085719,0,1460,0,0,0,134,273,3540915751,2838633094,4228880597,7,4684,65535,65535,50,20
Tor,Browsing,10.0.2.15,33827,82.161.239.177,110,6,118239836,72,71,20887,31146,1460,0,1086,0,4400631949,1209406278,17827457,9,118239836,17828226,268,118239134,17827744,97,1,1440,1420,608931832,600474446,0,1460,0,0,0,71,143,3676643357,2900972222,4386760563,6,4639,65535,65535,27,20
Tor,Browsing,10.0.2.15,33827,82.161.239.177,110,6,99160847,95,88,46342,23030,1460,0,1420,0,6995906358,1845486455,24195969,11,99160847,24196012,36,99160477,24196014,36,1,1900,1760,958039417,887447038,0,1460,0,0,0,87,183,3820491803,4878105263,2617045455,13,8853,65535,65535,60,20
Tor,Browsing,10.0.2.15,33827,82.161.239.177,110,6,39185928,18,21,5973,5430,543,0,543,0,2909973192,995255236,23437239,39,39184419,23437239,295,39185590,23475232,1847,1,360,420,45934857,535906665,0,543,0,0,0,21,39,3063076923,3318333333,2585714286,9,3722,65535,65535,10,20
Tor,Browsing,10.0.2.15,33827,82.161.239.177,110,6,32874342,8,6,2172,2143,543,0,1057,0,13125738,425864037,13357820,44,32872778,13357820,290,23595458,13359666,1898,1,160,120,243350878,182513159,0,1057,0,0,0,7,14,347,2715,3571666667,0,0,65535,65535,3,20
Tor,Video-Streaming,10.0.2.15,41071,198.52.200.39,443,6,119997702,2770,5216,238021,6257993,1460,0,1420,0,5413448668,6655127446,17814878,0,119997319,17814878,0,119997236,17815451,0,1,55400,104320,2308377539,4346749907,0,1460,0,0,0,2767,7986,8135576008,8592815884,1199768597,474,209120,65535,65535,418,20
Tor,Video-Streaming,10.0.2.15,41071,198.52.200.39,443,6,119916190,254,448,35490,510427,1460,0,1420,0,4552487867,5854088593,23178156,0,119916067,23178156,1,119914766,23217703,0,1,5080,8960,2118146015,3735942578,0,1460,0,0,0,253,702,7784330484,1397244094,1139345982,88,78816,65535,65535,55,20
Tor,Video-Streaming,10.0.2.15,41071,198.52.200.39,443,6,119900470,55,58,20887,17774,1460,0,1420,0,3224424391,942448349,27222946,7,119900470,27223143,27,118334897,27223206,31,1,1100,1160,458713798,483734551,0,1460,0,0,0,58,113,3469380531,3797636364,3064482759,8,5900,65535,65535,29,20
Tor,Video-Streaming,10.0.2.15,41071,198.52.200.39,443,6,113512949,4597,8852,551687,10114123,1460,0,1420,0,9396117442,1184798749,10199600,0,113512949,10199750,0,113471354,10199821,0,1,91940,177040,4049758235,7798229258,0,1460,0,0,0,4722,13449,793096364,1200102241,1142580547,593,243409,65535,65535,874,20
Tor,Video-Streaming,10.0.2.15,41071,198.52.200.39,443,6,109651900,42,45,18201,11403,1057,0,543,0,2699816419,793419904,20474530,14,109651666,20474768,53,100704174,20474822,147,1,840,900,383030299,410389606,0,1057,0,0,0,46,87,3465172414,4333571429,2534,5,5671,65535,65535,24,20
Tor,Video-Streaming,10.0.2.15,41071,198.52.200.39,443,6,119247179,4851,9254,539040,10709218,1460,0,1420,0,943272461,1182837206,9696256,0,119247053,9696463,0,119246335,9696404,0,1,97020,185080,4068020762,7760351295,0,1460,0,0,0,5041,14105,7975409429,1111193568,1157252864,663,229239,65535,65535,866,20
Tor,Video-Streaming,10.0.2.15,41071,198.52.200.39,443,6,112457785,40,44,15486,14574,1057,0,1057,0,267300303,746946954,24298824,31,112457785,24298824,623,112419263,24337263,704,1,800,880,355689026,391257929,0,1057,0,0,0,44,84,3704404762,38715,3312272727,4,4900,65535,65535,19,20
Tor,Video-Streaming,10.0.2.15,41071,198.52.200.39,443,6,119852238,4595,8764,519397,10359453,1460,0,1420,0,9076885156,111462249,19959346,0,119852056,19998248,0,119852027,19959346,0,1,91900,175280,3833887524,731233738,0,1460,0,0,0,4755,13359,8144252564,1130352557,1182046212,488,273728,65535,65535,807,20
Tor,Video-Streaming,10.0.2.15,41071,198.52.200.39,443,6,108811137,1714,3370,160198,4030650,1460,0,1420,0,3851488106,4672315849,28562636,0,108811137,28603080,0,108769870,28562636,0,0,34280,67400,1575206406,3097109444,0,1460,0,0,0,1844,5084,8246081825,9346441074,1196038576,259,256626,65535,65535,268,20
Tor,Video-Streaming,131.202.240.150,39212,74.125.226.184,80,6,90137719,3,3,0,0,0,0,0,0,0,66564809,45030971,25007,90112012,45056034,45055978,90112712,45056646,45056066,0,96,96,33282404,33282404,0,0,0,0,0,0,6,0,0,0,0,0,251,375,0,32
Tor,Video-Streaming,131.202.240.150,10296,131.202.244.3,53,17,519,1,1,33,379,33,33,379,379,7938342967,3853564547,519,519,0,0,0,0,0,0,0,8,8,1926782274,1926782274,33,379,0,0,0,0,0,2225,33,379,0,0,0,0,0,8
Tor,Video-Streaming,131.202.240.150,35119,216.58.219.237,443,6,90133644,3,3,0,0,0,0,0,0,0,66567818,45030438,25460,90108057,45055999,45052058,90108184,45056025,45052159,0,96,96,33283909,33283909,0,0,0,0,0,0,6,0,0,0,0,0,254,350,0,32
Tor,Video-Streaming,131.202.240.150,51683,173.194.123.94,443,6,90132986,3,3,0,0,0,0,0,0,0,66568304,45031099,24900,90108050,45056026,45052024,90108086,45056035,45052051,0,96,96,33284152,33284152,0,0,0,0,0,0,6,0,0,0,0,0,337,363,0,32
Tor,Video-Streaming,131.202.240.150,14353,131.202.244.5,53,17,40348,1,1,31,378,31,31,378,378,1013680976,4956875186,40348,40348,0,0,0,0,0,0,0,8,8,2478437593,2478437593,31,378,0,0,0,0,0,220,31,378,0,0,0,0,0,8
Tor,Video-Streaming,131.202.240.150,138,131.202.243.255,138,17,25732496,3,0,614,0,232,191,0,0,2386088003,116584104,21971140,3761356,25732496,21971140,3761356,0,0,0,0,24,0,116584104,0,191,232,0,0,0,0,0,2683333333,2046666667,0,0,0,0,0,2,8
VPN,File-Transfer,10.8.8.138,45325,64.233.171.188,5228,6,90689780,3,3,0,0,0,0,0,0,0,66159605,44997393,225853,90463927,45239925,45224002,90462994,45239748,45223246,0,96,96,33079802,33079802,0,0,0,0,0,0,6,0,0,0,0,0,245,358,0,32
VPN,File-Transfer,10.8.8.138,49156,75.101.155.12,22,6,7353814,28,52,1896,2184,100,0,84,0,5548141413,1087870865,297663,23,7353814,317010,192,7016562,248875,3381,1,896,1664,3807548029,7071160625,0,100,0,0,0,52,80,5185,6771428571,42,52,557,8492,257,25,32
VPN,File-Transfer,10.8.8.138,51142,74.125.226.56,443,6,45431551,2,2,0,0,0,0,0,0,0,8804454,44997257,207560,45223991,45223991,45223991,45204817,45204817,45204817,0,64,64,4402227,4402227,0,0,0,0,0,0,4,0,0,0,0,0,237,350,0,32
VPN,File-Transfer,10.8.8.138,51827,74.125.226.38,443,6,204891,1,1,0,0,0,0,0,0,0,9761287709,204891,204891,0,0,0,0,0,0,0,32,32,4880643855,4880643855,0,0,1,0,0,0,2,0,0,0,0,0,317,341,0,32
VPN,File-Transfer,10.8.8.138,19750,131.202.244.3,53,17,260511,1,1,33,33,33,33,33,33,2533482271,7677219004,260511,260511,0,0,0,0,0,0,0,8,8,3838609502,3838609502,33,33,0,0,0,0,0,495,33,33,0,0,0,0,0,8
VPN,File-Transfer,10.8.8.138,43336,75.101.155.12,22,6,119555502,818,835,17512,995480,1308,0,1308,0,8472985208,1382621437,2049426,4,119555502,2049426,4,119326121,2330983,6,1,30744,26756,68420105,6984203872,0,1308,0,0,0,160,1653,612861464,2140831296,1192191617,86,9489,52886,15877,83,32
VPN,File-Transfer,10.8.8.138,45325,64.233.171.188,5228,6,90683116,3,3,0,0,0,0,0,0,0,66164467,44999659,224274,90451979,45228046,45223933,90451810,45230796,45221014,0,96,96,33082233,33082233,0,0,0,0,0,0,6,0,0,0,0,0,245,358,0,32
VPN,File-Transfer,10.8.8.138,51142,74.125.226.56,443,6,91264042,12,10,887,289,517,0,153,0,1288568832,241058795,44999913,34,91055470,45207998,169,91056439,45208485,38,0,392,328,131486616,10957218,0,517,0,2,0,10,21,5345454545,7391666667,289,10,2722,29200,350,6,32
VPN,File-Transfer,10.8.8.138,35968,75.101.155.12,22,6,77655563,5560,11510,92295,14652538,1308,0,1308,0,1898747808,219816834,15755634,0,77655563,15755634,3,77375142,16054755,7,0,183316,370296,7159821892,1482186151,0,1308,0,2,0,826,17069,8637863503,1659982014,1273026759,3009,298696,29200,883,691,32
VPN,File-Transfer,10.8.8.138,35968,75.101.155.12,22,6,242811,1,1,0,0,0,0,0,0,0,8236859121,242811,242811,0,0,0,0,0,0,0,32,32,411842956,411842956,0,0,2,0,0,0,2,0,0,0,0,0,52886,883,0,32
VPN,Chat,10.8.8.178,15685,157.55.235.153,40002,17,145230,1,1,34,482,34,34,482,482,355298492,1377125938,145230,145230,0,0,0,0,0,0,0,8,8,6885629691,6885629691,34,482,0,0,0,0,0,275,34,482,0,0,0,0,0,8
VPN,Chat,205.188.12.91,443,10.8.8.178,48911,6,47759206,44,44,6208,2404,628,0,292,0,1803212558,1842576696,4963983,10,47759190,5173211,73,46734730,5170062,49,1,880,880,921288348,921288348,0,628,0,0,0,47,88,9925,1410909091,5463636364,4,1293,64680,64680,29,20
VPN,Chat,10.8.8.178,23581,78.46.223.24,53,17,146178,1,1,36,409,36,36,409,409,3044233742,136819494,146178,146178,0,0,0,0,0,0,0,8,8,6840974702,6840974702,36,409,0,0,0,0,0,2405,36,409,0,0,0,0,0,8
VPN,Email,10.8.8.110,13817,78.46.223.24,53,17,125082,1,1,37,228,37,37,228,228,2118610192,1598951088,125082,125082,0,0,0,0,0,0,0,8,8,799475544,799475544,37,228,0,0,0,0,0,151,37,228,0,0,0,0,0,8
VPN,Email,64.233.184.16,465,10.8.8.110,37405,6,106,2,0,0,0,0,0,0,0,0,1886792453,106,106,106,106,106,0,0,0,0,40,0,1886792453,0,0,0,0,0,2,0,0,0,0,0,0,0,0,0,0,20
VPN,Email,64.233.184.16,465,10.8.8.110,37424,6,689,2,0,0,0,0,0,0,0,0,290275762,689,689,689,689,689,0,0,0,0,40,0,290275762,0,0,0,0,0,2,0,0,0,0,0,0,0,0,0,0,20
VPN,Email,10.8.8.110,13817,198.7.63.141,53,17,123451,1,1,37,228,37,37,228,228,2146600676,1620075982,123451,123451,0,0,0,0,0,0,0,8,8,8100379908,8100379908,37,228,0,0,0,0,0,151,37,228,0,0,0,0,0,8
VPN,Email,64.233.184.16,465,10.8.8.110,37420,6,95,2,0,0,0,0,0,0,0,0,2105263158,95,95,95,95,95,0,0,0,0,40,0,2105263158,0,0,0,0,0,2,0,0,0,0,0,0,0,0,0,0,20
VPN,Email,10.8.8.110,40393,78.46.223.24,53,17,122131,1,1,37,240,37,37,240,240,2268056431,1637585871,122131,122131,0,0,0,0,0,0,0,8,8,8187929355,8187929355,37,240,0,0,0,0,0,157,37,240,0,0,0,0,0,8
VPN,Email,64.233.184.16,465,10.8.8.110,37443,6,140,2,0,0,0,0,0,0,0,0,1428571429,140,140,140,140,140,0,0,0,0,40,0,1428571429,0,0,0,0,0,2,0,0,0,0,0,0,0,0,0,0,20
VPN,Email,10.8.8.110,46223,198.7.63.141,53,17,142937,1,1,36,226,36,36,226,226,1832975367,1399217837,142937,142937,0,0,0,0,0,0,0,8,8,6996089186,6996089186,36,226,0,0,0,0,0,149,36,226,0,0,0,0,0,8
VPN,Email,10.8.8.110,28313,78.46.223.24,53,17,124633,1,1,37,228,37,37,228,228,2126242648,1604711433,124633,124633,0,0,0,0,0,0,0,8,8,8023557164,8023557164,37,228,0,0,0,0,0,151,37,228,0,0,0,0,0,8
VPN,Email,10.8.8.110,60418,198.7.63.141,53,17,122774,1,1,49,282,49,49,282,282,2696010556,1629009399,122774,122774,0,0,0,0,0,0,0,8,8,8145046997,8145046997,49,282,0,0,0,0,0,190,49,282,0,0,0,0,0,8
VPN,Audio-Streaming,10.8.0.10,34065,209.148.205.26,443,6,5717,1,2,0,0,0,0,0,0,0,5247507434,5659,58,0,0,0,58,58,58,0,20,40,1749169145,3498338289,0,0,0,0,3,0,0,0,0,0,0,0,0,0,0,20
VPN,Audio-Streaming,10.8.0.10,42918,131.202.244.5,53,17,692,1,1,33,228,33,33,228,228,3771676301,289017341,692,692,0,0,0,0,0,0,0,8,8,1445086705,1445086705,33,228,0,0,0,0,0,147,33,228,0,0,0,0,0,8
VPN,Audio-Streaming,10.8.0.10,27702,131.202.244.5,53,17,664,1,1,42,149,42,42,149,149,2876506024,3012048193,664,664,0,0,0,0,0,0,0,8,8,1506024096,1506024096,42,149,0,0,0,0,0,1165,42,149,0,0,0,0,0,8
VPN,Audio-Streaming,10.8.0.10,33309,131.202.244.5,53,17,663,1,1,33,366,33,33,366,366,6018099548,3016591252,663,663,0,0,0,0,0,0,0,8,8,1508295626,1508295626,33,366,0,0,0,0,0,216,33,366,0,0,0,0,0,8
VPN,Audio-Streaming,10.8.0.10,3617,131.202.244.5,53,17,796,1,1,47,394,47,47,394,394,5540201005,2512562814,796,796,0,0,0,0,0,0,0,8,8,1256281407,1256281407,47,394,0,0,0,0,0,244,47,394,0,0,0,0,0,8
VPN,Audio-Streaming,10.8.0.10,29774,131.202.6.3,53,17,160914,1,1,34,216,34,34,216,216,1553624918,1242899934,160914,160914,0,0,0,0,0,0,0,8,8,6214499671,6214499671,34,216,0,0,0,0,0,142,34,216,0,0,0,0,0,8
VPN,Audio-Streaming,10.8.0.10,25135,131.202.244.3,53,17,611,1,1,34,141,34,34,141,141,2864157119,3273322422,611,611,0,0,0,0,0,0,0,8,8,1636661211,1636661211,34,141,0,0,0,0,0,1045,34,141,0,0,0,0,0,8
VPN,Audio-Streaming,10.8.0.10,20285,131.202.244.5,53,17,824,1,1,34,141,34,34,141,141,2123786408,2427184466,824,824,0,0,0,0,0,0,0,8,8,1213592233,1213592233,34,141,0,0,0,0,0,1045,34,141,0,0,0,0,0,8
VPN,Audio-Streaming,10.8.0.10,21382,131.202.244.5,53,17,958,1,1,41,372,41,41,372,372,4311064718,2087682672,958,958,0,0,0,0,0,0,0,8,8,1043841336,1043841336,41,372,0,0,0,0,0,227,41,372,0,0,0,0,0,8
VPN,Audio-Streaming,10.8.0.10,60169,69.171.255.36,3478,17,80723,1,1,28,32,28,28,32,32,7432825837,2477608612,80723,80723,0,0,0,0,0,0,0,8,8,1238804306,1238804306,28,32,0,0,0,0,0,44,28,32,0,0,0,0,0,8
VPN,Audio-Streaming,10.8.0.10,64555,131.202.244.5,53,17,629,1,1,34,141,34,34,141,141,2782193959,3179650238,629,629,0,0,0,0,0,0,0,8,8,1589825119,1589825119,34,141,0,0,0,0,0,1045,34,141,0,0,0,0,0,8
VPN,Audio-Streaming,10.8.0.10,20285,131.202.244.3,53,17,774,1,1,34,141,34,34,141,141,2260981912,2583979328,774,774,0,0,0,0,0,0,0,8,8,1291989664,1291989664,34,141,0,0,0,0,0,1045,34,141,0,0,0,0,0,8
VPN,Audio-Streaming,10.8.0.10,63032,131.202.244.3,53,17,760,1,1,34,141,34,34,141,141,2302631579,2631578947,760,760,0,0,0,0,0,0,0,8,8,1315789474,1315789474,34,141,0,0,0,0,0,1045,34,141,0,0,0,0,0,8
VPN,Chat,10.8.8.178,52884,198.7.63.141,53,17,129250,1,1,34,141,34,34,141,141,1353965184,1547388781,129250,129250,0,0,0,0,0,0,0,8,8,7736943907,7736943907,34,141,0,0,0,0,0,1045,34,141,0,0,0,0,0,8
VPN,Chat,10.8.8.178,9056,198.7.63.141,53,17,130376,1,1,34,141,34,34,141,141,1342271584,1534024667,130376,130376,0,0,0,0,0,0,0,8,8,7670123336,7670123336,34,141,0,0,0,0,0,1045,34,141,0,0,0,0,0,8
VPN,Chat,10.8.8.178,48098,198.7.63.141,53,17,130002,1,1,34,141,34,34,141,141,1346133136,153843787,130002,130002,0,0,0,0,0,0,0,8,8,7692189351,7692189351,34,141,0,0,0,0,0,1045,34,141,0,0,0,0,0,8
VPN,Chat,10.8.8.178,31341,198.7.63.141,53,17,129722,1,1,34,141,34,34,141,141,1349038714,154175853,129722,129722,0,0,0,0,0,0,0,8,8,7708792649,7708792649,34,141,0,0,0,0,0,1045,34,141,0,0,0,0,0,8
VPN,Chat,10.8.8.178,6011,198.7.63.141,53,17,149325,1,1,34,153,34,34,153,153,1252302026,1339360455,149325,149325,0,0,0,0,0,0,0,8,8,6696802277,6696802277,34,153,0,0,0,0,0,1105,34,153,0,0,0,0,0,8
VPN,Chat,10.8.8.178,13231,78.46.223.24,53,17,132643,1,1,34,141,34,34,141,141,1319330835,1507806669,132643,132643,0,0,0,0,0,0,0,8,8,7539033345,7539033345,34,141,0,0,0,0,0,1045,34,141,0,0,0,0,0,8
VPN,Chat,10.8.8.178,28253,198.7.63.141,53,17,129121,1,1,34,153,34,34,153,153,1448253963,154893472,129121,129121,0,0,0,0,0,0,0,8,8,7744673601,7744673601,34,153,0,0,0,0,0,1105,34,153,0,0,0,0,0,8
VPN,Chat,10.8.8.178,26736,198.7.63.141,53,17,132772,1,1,34,141,34,34,141,141,1318048986,1506341699,132772,132772,0,0,0,0,0,0,0,8,8,7531708493,7531708493,34,141,0,0,0,0,0,1045,34,141,0,0,0,0,0,8
VPN,Chat,10.8.8.178,48593,198.7.63.141,53,17,132261,1,1,34,153,34,34,153,153,1413871058,1512161559,132261,132261,0,0,0,0,0,0,0,8,8,7560807797,7560807797,34,153,0,0,0,0,0,1105,34,153,0,0,0,0,0,8
VPN,Chat,10.8.8.178,51499,78.46.223.24,53,17,132267,1,1,34,141,34,34,141,141,1323081343,1512092963,132267,132267,0,0,0,0,0,0,0,8,8,7560464817,7560464817,34,141,0,0,0,0,0,1045,34,141,0,0,0,0,0,8
VPN,Chat,10.8.8.178,58048,198.7.63.141,53,17,129524,1,1,42,149,42,42,149,149,1474630184,1544115376,129524,129524,0,0,0,0,0,0,0,8,8,7720576882,7720576882,42,149,0,0,0,0,0,1165,42,149,0,0,0,0,0,8
VPN,File-Transfer,10.8.8.130,47774,207.241.237.128,80,6,13485793,984,1611,906,2095358,229,0,1308,0,1554423978,1924247243,678565,-18,12807228,290223,0,13214552,717879,0,0,34896,51560,729656758,1194590485,0,1308,1,2,0,46,2594,8078088632,920731707,1300656735,1612,168230,29200,260,4,32
VPN,File-Transfer,10.8.8.130,59125,207.241.227.188,80,6,17838432,1662,3009,2007,3918361,230,0,1308,0,2197708857,2618503689,515510,0,17656106,516939,0,17566112,515663,0,0,56384,96296,9316962388,168680745,0,1308,1,2,0,75,4670,8392995076,1207581227,1302213692,3015,225519,29200,294,9,32
VPN,File-Transfer,10.8.8.130,47774,207.241.237.128,80,6,556194,5,3,0,3361,0,0,1308,745,604285555,1438347052,268931,9,556194,268968,49,269141,268940,201,0,196,96,8989669072,5393801443,0,1308,1,0,0,1,8,420125,0,1120333333,0,0,7077,260,0,32
VPN,File-Transfer,10.8.8.130,59134,207.241.227.188,80,6,15223985,898,1876,1358,2441824,230,0,1308,0,160482423,1822124759,665163,0,14558822,294695,20,14941374,704992,0,0,29144,60040,5898586999,1232266059,0,1308,1,2,0,60,2773,8807433309,1512249443,130161194,1879,171620,29200,277,6,32
VPN,File-Transfer,10.8.8.130,59134,207.241.227.188,80,6,370393,4,2,0,1747,0,0,1308,439,4716611815,1619901024,352286,12,370393,352329,35,66,66,66,0,152,64,1079934016,539967008,0,1308,1,0,0,1,6,2911666667,0,8735,0,0,3551,277,0,32
VPN,File-Transfer,10.8.8.130,47779,207.241.237.128,80,6,9353499,768,1613,1123,2098725,230,0,1308,0,2244986609,2545571449,279687,-39,9190702,316094,18,9082719,285540,14,0,26428,51624,8210831048,1724488344,0,1308,1,2,0,41,2380,8819185216,1462239583,1301131432,1615,235416,29200,260,5,32
VPN,File-Transfer,10.8.8.130,47783,207.241.237.128,80,6,8339595,884,1610,908,2097613,230,0,1308,0,2516334426,2990552899,726454,0,7613141,280539,0,8075018,726463,0,0,29244,51528,1060003513,1930549385,0,1308,1,2,0,35,2493,8414278268,1027149321,1302865217,1611,285589,29200,260,4,32
VPN,File-Transfer,10.8.8.130,47783,207.241.237.128,80,6,640,1,1,0,0,0,0,0,0,0,3125,640,640,0,0,0,0,0,0,0,44,32,15625,15625,0,0,1,0,0,0,2,0,0,0,0,0,4123,260,0,44
VPN,File-Transfer,10.8.8.130,47783,207.241.237.128,80,6,333544,3,1,0,1111,0,0,1111,1111,3330894874,1199242079,325525,54,333544,325579,7965,0,0,0,0,116,32,8994315593,2998105198,0,1111,1,0,0,1,4,27775,0,1111,0,0,4123,260,0,32
VPN,File-Transfer,10.8.8.130,59141,207.241.227.188,80,6,8804801,1188,2014,1127,2620346,230,0,1308,0,2977322259,3636652322,713929,0,8090872,298077,0,8537655,713937,0,0,40628,64456,1349263885,2287388437,0,1308,1,2,0,37,3201,8186986259,948653199,1301065541,2016,335075,29200,269,5,32
VPN,Audio-Streaming,10.8.0.14,37480,131.202.244.3,53,17,908,1,1,37,373,37,37,373,373,4515418502,2202643172,908,908,0,0,0,0,0,0,0,8,8,1101321586,1101321586,37,373,0,0,0,0,0,2235,37,373,0,0,0,0,0,8
VPN,Audio-Streaming,10.8.0.14,25204,131.202.6.3,53,17,1823,1,1,33,345,33,33,345,345,2073505211,1097092704,1823,1823,0,0,0,0,0,0,0,8,8,5485463522,5485463522,33,345,0,0,0,0,0,2055,33,345,0,0,0,0,0,8
VPN,Audio-Streaming,10.8.0.14,64703,131.202.244.3,53,17,729,1,1,37,373,37,37,373,373,5624142661,2743484225,729,729,0,0,0,0,0,0,0,8,8,1371742112,1371742112,37,373,0,0,0,0,0,2235,37,373,0,0,0,0,0,8
VPN,Audio-Streaming,10.8.0.10,7126,131.202.244.5,53,17,770,1,1,33,185,33,33,185,185,2831168831,2597402597,770,770,0,0,0,0,0,0,0,8,8,1298701299,1298701299,33,185,0,0,0,0,0,1255,33,185,0,0,0,0,0,8
VPN,Audio-Streaming,10.8.0.10,8442,131.202.244.3,53,17,667,1,1,33,345,33,33,345,345,5667166417,299850075,667,667,0,0,0,0,0,0,0,8,8,1499250375,1499250375,33,345,0,0,0,0,0,2055,33,345,0,0,0,0,0,8
VPN,Audio-Streaming,10.8.0.10,43624,131.202.244.3,53,17,602,1,1,33,345,33,33,345,345,6279069767,3322259136,602,602,0,0,0,0,0,0,0,8,8,1661129568,1661129568,33,345,0,0,0,0,0,2055,33,345,0,0,0,0,0,8
VPN,Audio-Streaming,10.8.0.10,28429,131.202.244.5,53,17,663,1,1,37,373,37,37,373,373,6184012066,3016591252,663,663,0,0,0,0,0,0,0,8,8,1508295626,1508295626,37,373,0,0,0,0,0,2235,37,373,0,0,0,0,0,8
VPN,Audio-Streaming,10.8.0.10,37895,131.202.244.5,53,17,669,1,1,34,216,34,34,216,216,3736920777,2989536622,669,669,0,0,0,0,0,0,0,8,8,1494768311,1494768311,34,216,0,0,0,0,0,142,34,216,0,0,0,0,0,8
VPN,Audio-Streaming,10.8.0.10,17829,131.202.244.5,53,17,636,1,1,33,185,33,33,185,185,3427672956,3144654088,636,636,0,0,0,0,0,0,0,8,8,1572327044,1572327044,33,185,0,0,0,0,0,1255,33,185,0,0,0,0,0,8
VPN,Audio-Streaming,10.8.0.10,7733,131.202.244.3,53,17,649,1,1,33,345,33,33,345,345,5824345146,3081664099,649,649,0,0,0,0,0,0,0,8,8,1540832049,1540832049,33,345,0,0,0,0,0,2055,33,345,0,0,0,0,0,8
VPN,Audio-Streaming,10.8.0.10,63662,131.202.244.3,53,17,728,1,1,34,216,34,34,216,216,3434065934,2747252747,728,728,0,0,0,0,0,0,0,8,8,1373626374,1373626374,34,216,0,0,0,0,0,142,34,216,0,0,0,0,0,8
VPN,Chat,10.8.8.130,43227,198.7.63.141,53,17,126114,1,1,37,213,37,37,213,213,1982333444,1585866755,126114,126114,0,0,0,0,0,0,0,8,8,7929333777,7929333777,37,213,0,0,0,0,0,1435,37,213,0,0,0,0,0,8
VPN,Chat,10.8.8.130,55472,198.7.63.141,53,17,124029,1,1,37,225,37,37,225,225,2112409195,1612526103,124029,124029,0,0,0,0,0,0,0,8,8,8062630514,8062630514,37,225,0,0,0,0,0,1495,37,225,0,0,0,0,0,8
VPN,Chat,10.8.8.130,7650,198.7.63.141,53,17,125459,1,1,37,213,37,37,213,213,1992682869,1594146295,125459,125459,0,0,0,0,0,0,0,8,8,7970731474,7970731474,37,213,0,0,0,0,0,1435,37,213,0,0,0,0,0,8
VPN,Chat,10.8.8.130,3721,198.7.63.141,53,17,126646,1,1,37,213,37,37,213,213,1974006285,1579205028,126646,126646,0,0,0,0,0,0,0,8,8,7896025141,7896025141,37,213,0,0,0,0,0,1435,37,213,0,0,0,0,0,8
VPN,Chat,10.8.8.130,60617,198.7.63.141,53,17,122781,1,1,45,209,45,45,209,209,2068723988,1628916526,122781,122781,0,0,0,0,0,0,0,8,8,8144582631,8144582631,45,209,0,0,0,0,0,1495,45,209,0,0,0,0,0,8
VPN,Chat,10.8.8.130,13707,198.7.63.141,53,17,125026,1,1,37,225,37,37,225,225,2095564123,1599667269,125026,125026,0,0,0,0,0,0,0,8,8,7998336346,7998336346,37,225,0,0,0,0,0,1495,37,225,0,0,0,0,0,8
VPN,Chat,10.8.8.130,34358,198.7.63.141,53,17,122960,1,1,37,213,37,37,213,213,2033181522,1626545218,122960,122960,0,0,0,0,0,0,0,8,8,813272609,813272609,37,213,0,0,0,0,0,1435,37,213,0,0,0,0,0,8
VPN,Chat,10.8.8.130,3664,78.46.223.24,53,17,125144,1,1,37,213,37,37,213,213,1997698651,1598158921,125144,125144,0,0,0,0,0,0,0,8,8,7990794605,7990794605,37,213,0,0,0,0,0,1435,37,213,0,0,0,0,0,8
VPN,Chat,10.8.8.130,28230,198.7.63.141,53,17,125487,1,1,45,197,45,45,197,197,1928486616,1593790592,125487,125487,0,0,0,0,0,0,0,8,8,7968952959,7968952959,45,197,0,0,0,0,0,1435,45,197,0,0,0,0,0,8
VPN,Chat,10.8.8.130,33104,157.56.192.53,443,6,119936077,41,38,11248,7869,1285,0,693,0,1593932408,658684209,20192248,9,119936077,20192248,46,119035964,20593227,63,1,1312,1216,341848767,316835442,0,1285,0,0,0,41,79,2499493671,2743414634,2070789474,5,1740,65400,64595,15,32
VPN,Chat,10.8.8.130,48835,2.30.116.54,58139,6,119946532,275,199,17849,9648,766,4,363,0,2292438101,3951760773,11084894,71,119812866,11418264,71,119670010,11371920,323,1,8800,6368,2292688212,1659072561,0,766,0,0,0,382,474,5829746835,6490545455,4848241206,33,833,757,256,274,32
VPN,Chat,86.4.212.228,59222,10.8.8.130,59320,6,119832282,140,135,3672,16,103,0,4,0,307763479,2294874097,12331235,9,119832268,12331235,37,119794751,12597522,33,1,2800,2700,1168299541,1126574557,0,103,0,0,0,132,275,1350909091,2622857143,118518519,13,119,1118,401,127,20
VPN,Chat,10.8.8.130,51146,64.4.23.162,40019,6,60578983,8,7,700,21,347,0,10,0,119018175,247610628,42685912,27,60578983,42685953,248,60271744,42685961,44,1,256,224,132059001,115551626,0,347,0,0,0,8,15,712,875,3,0,0,256,54,3,32
VPN,Chat,2.101.222.231,9396,10.8.8.130,34461,6,118106314,132,167,3064,2768,84,0,29,0,4937923979,2531617404,22725602,0,118067410,22725732,3955,118096565,22725737,202,1,4236,5368,1117637115,1413980289,0,84,0,0,0,209,299,1957190635,2321212121,165748503,33,218,259,395,100,32
VPN,Chat,10.8.8.130,52719,77.103.197.35,47872,6,118407606,106,99,14357,7676,853,0,321,0,1860775734,17313077,22696851,17,118064146,23098887,288,118122589,22696851,141219,1,3392,3168,895212762,836094938,0,853,0,0,0,169,205,1079658537,1354433962,7753535354,27,801,528,257,87,32
VPN,Chat,10.8.8.130,33104,157.56.192.53,443,6,119979068,50,47,10064,13482,821,0,677,0,1962508994,808474358,20616689,9,119633710,20616689,44,119978975,20983748,56,1,1600,1504,41673936,391734998,0,821,0,0,0,50,97,2502164948,20128,2868510638,5,2969,65400,64286,15,32
VPN,Chat,10.8.8.130,51146,64.4.23.162,40019,6,60623137,5,4,694,8,346,0,4,0,1157973729,14845817,59779183,21,60623137,59779183,268178,60354222,60086036,50,1,160,128,82476761,65981409,0,346,0,0,0,5,9,1164444444,1388,2,0,0,256,58,2,32
VPN,Chat,10.8.8.130,48835,2.30.116.54,58139,6,119082326,291,196,17529,11255,608,4,472,0,2417151308,4089607722,29635183,40,118747589,29967459,66,118948721,29635183,40,1,9312,6284,2443687571,1645920151,0,608,0,0,0,391,487,5924229979,602371134,5742346939,38,946,256,258,290,32
VPN,Chat,86.4.212.228,59222,10.8.8.130,59320,6,118351376,143,139,3907,16,107,0,4,0,3314705864,2382735288,29520573,4,118351359,29520573,27,118351360,30033367,26,1,2860,2804,1208266476,1174468812,0,107,0,0,0,135,282,140106383,2732167832,115107914,16,150,1301,421,131,20
VPN,Chat,2.101.222.231,9396,10.8.8.130,34461,6,119931581,85,103,2030,1639,97,0,29,0,3059244254,1567560424,29649932,16,119890836,29649932,135197,119931524,29995463,170,1,2720,3296,708737426,858822998,0,97,0,0,0,132,188,1959574468,2388235294,1591262136,20,221,259,395,65,32
VPN,Chat,10.8.8.130,52719,77.103.197.35,47872,6,119964905,70,66,10235,4441,907,0,321,0,1223357781,1133664883,29603626,21,119964905,29951299,145,119579219,29603626,280981,1,2240,2112,583503984,550160899,0,907,0,0,0,110,136,1080441176,1462142857,6728787879,17,883,257,260,59,32
VPN,Chat,10.8.8.130,38181,91.190.216.125,12350,6,18256913,31,37,1787,847,536,0,116,0,1442741169,3724616533,15843896,14,18256913,15843896,763,2280049,334994,42,0,640,752,1697986949,2026629584,0,536,1,2,0,40,67,3873529412,5764516129,2289189189,40,1156,29200,1056,12,20
VPN,Chat,91.190.216.125,12350,10.8.8.130,38181,6,152591,2,0,0,0,0,0,0,0,0,1310693291,152591,152591,152591,152591,152591,0,0,0,0,40,0,1310693291,0,0,0,1,0,0,0,2,0,0,0,0,0,1056,0,0,20
VPN,File-Transfer,10.8.8.130,49539,46.130.140.47,62360,17,257818,1,1,18,26,18,18,26,26,1706630259,7757410266,257818,257818,0,0,0,0,0,0,0,8,8,3878705133,3878705133,18,26,0,0,0,0,0,31,18,26,0,0,0,0,0,8
VPN,File-Transfer,10.8.8.130,10776,198.7.63.141,53,17,126523,1,1,38,241,38,38,241,241,2205132664,1580740261,126523,126523,0,0,0,0,0,0,0,8,8,7903701303,7903701303,38,241,0,0,0,0,0,1585,38,241,0,0,0,0,0,8
VPN,File-Transfer,10.8.8.130,49539,64.4.23.176,443,17,265928,1,1,18,26,18,18,26,26,1654583195,7520832707,265928,265928,0,0,0,0,0,0,0,8,8,3760416353,3760416353,18,26,0,0,0,0,0,31,18,26,0,0,0,0,0,8
VPN,File-Transfer,10.8.8.130,50679,198.7.63.141,53,17,127298,1,1,33,489,33,33,489,489,4100614307,1571116593,127298,127298,0,0,0,0,0,0,0,8,8,7855582963,7855582963,33,489,0,0,0,0,0,2775,33,489,0,0,0,0,0,8
VPN,File-Transfer,23.101.70.72,443,10.8.8.130,59341,6,71,1,1,0,0,0,0,0,0,0,2816901408,71,71,0,0,0,0,0,0,0,32,32,1408450704,1408450704,0,0,1,0,0,0,2,0,0,0,0,0,511,337,0,32
VPN,File-Transfer,10.8.8.130,49539,157.56.52.33,443,17,270622,1,1,18,26,18,18,26,26,1625884074,7390382157,270622,270622,0,0,0,0,0,0,0,8,8,3695191078,3695191078,18,26,0,0,0,0,0,31,18,26,0,0,0,0,0,8
VPN,File-Transfer,10.8.8.130,20777,198.7.63.141,53,17,141264,1,1,36,126,36,36,126,126,1146788991,1415788878,141264,141264,0,0,0,0,0,0,0,8,8,7078944388,7078944388,36,126,0,0,0,0,0,99,36,126,0,0,0,0,0,8
VPN,Video-Streaming,10.8.8.138,43533,185.2.220.137,80,6,117720900,21288,41527,30721,54278158,1308,0,1308,15,461335914,5335925906,3661210,-1,117720900,3661210,12,117720417,3804681,7,0,686268,1328864,1808344992,3527580914,0,1308,0,0,0,118,62815,8646053809,1443113491,1307057047,1539,1026856,2048,2048,44,32
VPN,Video-Streaming,10.8.8.138,48899,216.58.221.142,443,6,91239893,3,3,0,0,0,0,0,0,0,65760708,44999680,410893,90828002,45420058,45407944,90819515,45410573,45408942,0,96,96,32880354,32880354,0,0,0,0,0,0,6,0,0,0,0,0,358,389,0,32
VPN,Video-Streaming,10.8.8.138,17500,255.255.255.255,17500,17,90200095,4,0,920,0,230,230,0,0,101995458,44345851,30073603,30058994,90200095,30073603,30058994,0,0,0,0,32,0,44345851,0,230,230,0,0,0,0,0,2875,230,0,0,0,0,0,3,8
VPN,Video-Streaming,10.8.8.138,48899,216.58.221.142,443,6,12912956,1,3,0,63,0,0,63,0,487882093,309766408,12502685,16,0,0,0,12502701,12502685,16,0,32,96,77441602,232324806,0,63,1,0,0,1,4,1575,0,21,0,0,358,389,0,32
VPN,Video-Streaming,10.8.8.138,36057,74.125.226.65,443,6,104383994,4,4,0,63,0,0,63,0,603540807,76640103,44998342,235,104383994,45204033,13976001,104177981,45203873,13771319,0,128,128,38320051,38320051,0,63,1,0,0,1,8,7875,0,1575,0,0,237,350,0,32
VPN,Video-Streaming,10.8.8.138,55375,173.194.204.188,5228,6,90693690,3,3,0,0,0,0,0,0,0,66156753,44997330,214649,90471964,45259985,45211979,90430002,45219056,45210946,0,96,96,33078376,33078376,0,0,0,0,0,0,6,0,0,0,0,0,440,358,0,32
VPN,Video-Streaming,108.160.163.107,443,10.8.8.138,36320,6,103066414,6,3,831,1758,277,0,586,586,2511972523,87322336,52358171,1183,103066414,52358171,273233,102793106,52633010,50160096,1,192,96,5821489,29107445,0,586,0,0,0,6,9,3184444444,1385,586,0,0,83,1216,2,32
VPN,Video-Streaming,10.8.8.138,43533,185.2.220.137,80,6,118606790,21114,40845,28076,53394404,669,0,1308,43,4504167089,5223899913,3515697,0,118606790,3515697,9,118463329,4564252,6,1,682272,1307040,1780167898,3443732016,0,1308,0,0,0,119,61959,8622338805,1329733826,1307244559,1075,1541943,13270,2048,41,32
VPN,VOIP,10.8.8.246,49158,198.7.63.141,53,17,119936,1,1,49,383,49,49,383,383,3601921025,166755603,119936,119936,0,0,0,0,0,0,0,8,8,8337780149,8337780149,49,383,0,0,0,0,0,2405,49,383,0,0,0,0,0,8
VPN,VOIP,10.8.8.246,55219,224.0.0.252,5355,17,411806,2,0,44,0,22,22,0,0,1068464277,4856655804,411806,411806,411806,411806,411806,0,0,0,0,16,0,4856655804,0,22,22,0,0,0,0,0,33,22,0,0,0,0,0,1,8
VPN,VOIP,10.8.8.246,64207,224.0.0.252,5355,17,411574,2,0,44,0,22,22,0,0,1069066559,4859393451,411574,411574,411574,411574,411574,0,0,0,0,16,0,4859393451,0,22,22,0,0,0,0,0,33,22,0,0,0,0,0,1,8
VPN,VOIP,10.8.8.246,61115,224.0.0.252,5355,17,422299,2,0,44,0,22,22,0,0,1041915799,4735980905,422299,422299,422299,422299,422299,0,0,0,0,16,0,4735980905,0,22,22,0,0,0,0,0,33,22,0,0,0,0,0,1,8
VPN,VOIP,10.8.8.246,64790,224.0.0.252,5355,17,411855,2,0,44,0,22,22,0,0,1068337157,4856077989,411855,411855,411855,411855,411855,0,0,0,0,16,0,4856077989,0,22,22,0,0,0,0,0,33,22,0,0,0,0,0,1,8
VPN,VOIP,80.239.235.110,11666,10.8.8.246,60245,17,119990044,5995,6000,497585,498000,83,83,83,83,829723006,9996662723,24192,48,119976697,84684,86,119988870,25437,5780,0,47960,48000,4996247855,5000414868,83,83,0,0,0,0,0,8300691955,83,83,11995,8297,0,0,5994,8
Non-Tor,AUDIO-STREAMING,10.152.152.11,57158,216.58.220.99,443,6,229,1,1,0,0,0,0,0,0,0,8733624454,229,229,0,0,0,0,0,0,0,20,20,4366812227,4366812227,0,0,2,0,0,0,2,0,0,0,0,0,1892,1047,0,20
Non-Tor,AUDIO-STREAMING,10.152.152.11,57159,216.58.220.99,443,6,407,1,1,0,0,0,0,0,0,0,4914004914,407,407,0,0,0,0,0,0,0,20,20,2457002457,2457002457,0,0,2,0,0,0,2,0,0,0,0,0,1987,1047,0,20
Non-Tor,AUDIO-STREAMING,10.152.152.11,57160,216.58.220.99,443,6,431,1,1,0,0,0,0,0,0,0,464037123,431,431,0,0,0,0,0,0,0,20,20,2320185615,2320185615,0,0,2,0,0,0,2,0,0,0,0,0,2049,1047,0,20
Non-Tor,AUDIO-STREAMING,10.152.152.11,49134,74.125.136.120,443,6,359,1,1,0,0,0,0,0,0,0,5571030641,359,359,0,0,0,0,0,0,0,20,20,278551532,278551532,0,0,2,0,0,0,2,0,0,0,0,0,2008,1047,0,20
